key_id,stadium_id,stadium_name,city_name,country_name,stadium_capacity,stadium_wikipedia_link,city_wikipedia_link,page_title,canonical_title,article_iri,wikidata_id,wikidata_name,coords,capacity_wd,opened_year,demolished_year,tenants
1,S-001,Estadio José Amalfitani,Buenos Aires,Argentina,49000,https://en.wikipedia.org/wiki/José_Amalfitani_Stadium,https://en.wikipedia.org/wiki/Buenos_Aires,José Amalfitani Stadium,José Amalfitani Stadium,https://en.wikipedia.org/wiki/Jos%C3%A9_Amalfitani_Stadium,http://www.wikidata.org/entity/Q1196603,José Amalfitani Stadium,Point(-58.520711 -34.635375),50000,1943,NA,Club Atlético Vélez Sarsfield; Argentina national rugby union team; Jaguares
2,S-002,Estadio Monumental,Buenos Aires,Argentina,75000,https://en.wikipedia.org/wiki/Estadio_Monumental_Antonio_Vespucio_Liberti,https://en.wikipedia.org/wiki/Buenos_Aires,Estadio Monumental Antonio Vespucio Liberti,Estadio Monumental (Buenos Aires),https://en.wikipedia.org/wiki/Estadio_Monumental_(Buenos_Aires),http://www.wikidata.org/entity/Q276354,Mas Monumental Stadium,Point(-58.449722222 -34.545277777),84567,1938,NA,Club Atlético River Plate; Argentina men's national football team; Club Atlético River Plate women; Q65484512
3,S-003,Estadio Chateau Carreras,Córdoba,Argentina,47000,https://en.wikipedia.org/wiki/Estadio_Mario_Alberto_Kempes,"https://en.wikipedia.org/wiki/Córdoba,_Argentina",Estadio Mario Alberto Kempes,Estadio Mario Alberto Kempes,https://en.wikipedia.org/wiki/Estadio_Mario_Alberto_Kempes,http://www.wikidata.org/entity/Q1062157,Mario Alberto Kempes Stadium,Point(-64.246244 -31.368956),60000,1978,NA,Talleres de Córdoba
4,S-004,Estadio José María Minella,Mar del Plata,Argentina,44000,https://en.wikipedia.org/wiki/Estadio_José_Mar%C3%ADa_Minella,https://en.wikipedia.org/wiki/Mar_del_Plata,Estadio José María Minella,Estadio José María Minella,https://en.wikipedia.org/wiki/Estadio_Jos%C3%A9_Mar%C3%ADa_Minella,http://www.wikidata.org/entity/Q1369282,José María Minella Stadium,Point(-57.582333 -38.017944),50180,1978,NA,Club Atlético Aldosivi; Alvarado
5,S-005,Estadio Ciudad de Mendoza,Mendoza,Argentina,35000,https://en.wikipedia.org/wiki/Estadio_Malvinas_Argentinas,"https://en.wikipedia.org/wiki/Mendoza,_Argentina",Estadio Malvinas Argentinas,Estadio Malvinas Argentinas,https://en.wikipedia.org/wiki/Estadio_Malvinas_Argentinas,http://www.wikidata.org/entity/Q1072265,Malvinas Argentinas Stadium,Point(-68.879994 -32.889564),42000,1978,NA,Argentina men's national football team; Godoy Cruz Antonio Tomba; San Martín de Mendoza; Argentina national rugby union team; Independiente Rivadavia; Huracán Las Heras
6,S-006,Estadio Gigante de Arroyito,Rosario,Argentina,46000,https://en.wikipedia.org/wiki/Estadio_Gigante_de_Arroyito,"https://en.wikipedia.org/wiki/Rosario,_Santa_Fe",Estadio Gigante de Arroyito,Estadio Gigante de Arroyito,https://en.wikipedia.org/wiki/Estadio_Gigante_de_Arroyito,http://www.wikidata.org/entity/Q713597,Gigante de Arroyito Stadium,Point(-60.674567 -32.913997),46000,1926,NA,Club Atlético Rosario Central; Rosario Central women
7,S-007,Estádio Independência,Belo Horizonte,Brazil,30000,https://en.wikipedia.org/wiki/Estádio_Independência,https://en.wikipedia.org/wiki/Belo_Horizonte,Estádio Independência,Estadio Independencia,https://en.wikipedia.org/wiki/Estadio_Independencia,http://www.wikidata.org/entity/Q8842808,Estadio Independencia,NA,NA,NA,NA,
8,S-008,Estádio Mineirão,Belo Horizonte,Brazil,43000,https://en.wikipedia.org/wiki/Mineirão,https://en.wikipedia.org/wiki/Belo_Horizonte,Mineirão,Mineirão,https://en.wikipedia.org/wiki/Mineir%C3%A3o,http://www.wikidata.org/entity/Q910370,Mineirão,Point(-43.970833 -19.865833),66658,1965,NA,Clube Atlético Mineiro
9,S-009,Estádio Nacional,Brasília,Brazil,70000,https://en.wikipedia.org/wiki/Estádio_Nacional_Mané_Garrincha,https://en.wikipedia.org/wiki/Bras%C3%ADlia,Estádio Nacional Mané Garrincha,Estádio Nacional Mané Garrincha,https://en.wikipedia.org/wiki/Est%C3%A1dio_Nacional_Man%C3%A9_Garrincha,http://www.wikidata.org/entity/Q336088,Estádio Nacional de Brasília,Point(-47.899164 -15.7835),69910,1974,NA,Brasília Futebol Clube; Legiaõ FC
10,S-010,Arena Pantanal,Cuiabá,Brazil,41000,https://en.wikipedia.org/wiki/Arena_Pantanal,https://en.wikipedia.org/wiki/Cuiabá,Arena Pantanal,Arena Pantanal,https://en.wikipedia.org/wiki/Arena_Pantanal,http://www.wikidata.org/entity/Q641448,Arena Pantaloneta,Point(-56.1216 -15.604),42968,2014,NA,Mixto Esporte Clube; Cuiabá Esporte Clube
11,S-011,Arena da Baixada,Curitiba,Brazil,40000,https://en.wikipedia.org/wiki/Arena_da_Baixada,https://en.wikipedia.org/wiki/Curitiba,Arena da Baixada,Arena da Baixada,https://en.wikipedia.org/wiki/Arena_da_Baixada,http://www.wikidata.org/entity/Q606803,Arena da Baixada,Point(-49.276944 -25.448333),28413,1914,NA,Club Athletico Paranaense; Club Athletico Paranaense women
12,S-012,Estádio Vila Capanema,Curitiba,Brazil,10000,https://en.wikipedia.org/wiki/Estádio_Vila_Capanema,https://en.wikipedia.org/wiki/Curitiba,Estádio Vila Capanema,Estádio Vila Capanema,https://en.wikipedia.org/wiki/Est%C3%A1dio_Vila_Capanema,http://www.wikidata.org/entity/Q1370663,Estádio Vila Capanema,Point(-49.255833 -25.439444),20000,1947,NA,Paraná Clube; Clube Atlético Ferroviário
13,S-013,Estádio Castelão,Fortaleza,Brazil,63000,https://en.wikipedia.org/wiki/Castelão_(Ceará),https://en.wikipedia.org/wiki/Fortaleza,Castelão (Ceará),Castelão (Fortaleza),https://en.wikipedia.org/wiki/Castel%C3%A3o_(Fortaleza),http://www.wikidata.org/entity/Q958185,Castelão,Point(-38.522481 -3.807267),57876,1973,NA,Fortaleza E.C.; Ceará Sporting Club
14,S-014,Arena da Amazônia,Manaus,Brazil,41000,https://en.wikipedia.org/wiki/Arena_da_Amazônia,https://en.wikipedia.org/wiki/Manaus,Arena da Amazônia,Arena da Amazônia,https://en.wikipedia.org/wiki/Arena_da_Amaz%C3%B4nia,http://www.wikidata.org/entity/Q641527,Arena Amazônia,Point(-60.028056 -3.083056),42924,2014,NA,Nacional Futebol Clube; América Futebol Clube
15,S-015,Arena das Dunas,Natal,Brazil,40000,https://en.wikipedia.org/wiki/Arena_das_Dunas,"https://en.wikipedia.org/wiki/Natal,_Rio_Grande_do_Norte",Arena das Dunas,Arena das Dunas,https://en.wikipedia.org/wiki/Arena_das_Dunas,http://www.wikidata.org/entity/Q1343986,Arena das Dunas,Point(-35.21236 -5.82681),45000,2014,NA,América Futebol Clube
16,S-016,Estádio Beira-Rio,Porto Alegre,Brazil,43000,https://en.wikipedia.org/wiki/Estádio_Beira-Rio,https://en.wikipedia.org/wiki/Porto_Alegre,Estádio Beira-Rio,Estádio Beira-Rio,https://en.wikipedia.org/wiki/Est%C3%A1dio_Beira-Rio,http://www.wikidata.org/entity/Q1050224,Estádio Beira-Rio,Point(-51.236086 -30.065614),49055,1969,NA,S.C. Internacional
17,S-017,Estádio dos Eucaliptos,Porto Alegre,Brazil,20000,https://en.wikipedia.org/wiki/Estádio_dos_Eucaliptos,https://en.wikipedia.org/wiki/Porto_Alegre,Estádio dos Eucaliptos,Estádio dos Eucaliptos,https://en.wikipedia.org/wiki/Est%C3%A1dio_dos_Eucaliptos,http://www.wikidata.org/entity/Q2556856,Estádio dos Eucaliptos,Point(-51.227222 -30.061667),10000,1931,2012,S.C. Internacional; Sport Club Americano (Porto Alegre)
18,S-018,Arena Pernambuco,Recife,Brazil,43000,https://en.wikipedia.org/wiki/Arena_Pernambuco,https://en.wikipedia.org/wiki/Recife,Arena Pernambuco,Arena Pernambuco,https://en.wikipedia.org/wiki/Arena_Pernambuco,http://www.wikidata.org/entity/Q1362211,Arena Cidade da Copa,Point(-35.008333333 -8.040555555),45440,2013,NA,Clube Náutico Capibaribe; 2014 FIFA World Cup
19,S-019,Estádio Ilha do Retiro,Recife,Brazil,30000,https://en.wikipedia.org/wiki/Estádio_Ilha_do_Retiro,https://en.wikipedia.org/wiki/Recife,Estádio Ilha do Retiro,Estádio Ilha do Retiro,https://en.wikipedia.org/wiki/Est%C3%A1dio_Ilha_do_Retiro,http://www.wikidata.org/entity/Q1370676,Estádio Ilha do Retiro,Point(-34.902888888 -8.062888888),35020,1937,NA,Sport Club do Recife
20,S-020,Estádio do Maracanã,Rio de Janeiro,Brazil,200000,https://en.wikipedia.org/wiki/Maracanã_Stadium,https://en.wikipedia.org/wiki/Rio_de_Janeiro,Maracanã Stadium,Maracanã Stadium,https://en.wikipedia.org/wiki/Maracan%C3%A3_Stadium,http://www.wikidata.org/entity/Q155174,Maracanã Stadium,Point(-43.230277777 -22.912222222),78838,1950,NA,Clube de Regatas do Flamengo; Fluminense F.C.
21,S-021,Arena Fonte Nova,Salvador,Brazil,52000,https://en.wikipedia.org/wiki/Arena_Fonte_Nova,"https://en.wikipedia.org/wiki/Salvador,_Bahia",Arena Fonte Nova,Arena Fonte Nova,https://en.wikipedia.org/wiki/Arena_Fonte_Nova,http://www.wikidata.org/entity/Q6499360,Arena Fonte Nova,Point(-38.504252777 -12.978819444),47915,2013,NA,Brazil men's national football team; Esporte Clube Bahia
22,S-022,Arena Corinthians,São Paulo,Brazil,63000,https://en.wikipedia.org/wiki/Arena_Corinthians,https://en.wikipedia.org/wiki/São_Paulo,Arena Corinthians,Arena Corinthians,https://en.wikipedia.org/wiki/Arena_Corinthians,http://www.wikidata.org/entity/Q1362236,Neo Química Arena,Point(-46.474 -23.545555555),47252,2014,NA,S.C. Corinthians Paulista; Novonor
23,S-023,Estádio do Pacaembu,São Paulo,Brazil,60000,https://en.wikipedia.org/wiki/Pacaembu_Stadium,https://en.wikipedia.org/wiki/São_Paulo,Pacaembu Stadium,Pacaembu Stadium,https://en.wikipedia.org/wiki/Pacaembu_Stadium,http://www.wikidata.org/entity/Q655175,Estádio do Pacaembu,Point(-46.665111 -23.548639),37730,1940,NA,S.C. Corinthians Paulista
24,S-024,Commonwealth Stadium,Edmonton,Canada,56000,https://en.wikipedia.org/wiki/Commonwealth_Stadium_(Edmonton),https://en.wikipedia.org/wiki/Edmonton,Commonwealth Stadium (Edmonton),Commonwealth Stadium,https://en.wikipedia.org/wiki/Commonwealth_Stadium,http://www.wikidata.org/entity/Q130381,Commonwealth Stadium,Point(-113.476111111 53.559722222),56302,1978,NA,Edmonton Elks; Edmonton Drillers
25,S-025,Moncton Stadium,Moncton,Canada,13000,https://en.wikipedia.org/wiki/Moncton_Stadium,https://en.wikipedia.org/wiki/Moncton,Moncton Stadium,Croix-Bleue Medavie Stadium,https://en.wikipedia.org/wiki/Croix-Bleue_Medavie_Stadium,http://www.wikidata.org/entity/Q1944117,Moncton Stadium,Point(-64.7833 46.1083),10000,2010,NA,
26,S-026,Olympic Stadium,Montreal,Canada,56000,https://en.wikipedia.org/wiki/Olympic_Stadium_(Montreal),https://en.wikipedia.org/wiki/Montreal,Olympic Stadium (Montreal),Olympic Stadium (Montreal),https://en.wikipedia.org/wiki/Olympic_Stadium_(Montreal),http://www.wikidata.org/entity/Q285467,Olympic Stadium,Point(-73.55164 45.55781),45757,1976,NA,Montreal Expos; Q3454983
27,S-027,TD Place Stadium,Ottawa,Canada,24000,https://en.wikipedia.org/wiki/TD_Place_Stadium,https://en.wikipedia.org/wiki/Ottawa,TD Place Stadium,TD Place Stadium,https://en.wikipedia.org/wiki/TD_Place_Stadium,http://www.wikidata.org/entity/Q1442809,TD Place Stadium,Point(-75.68365 45.398177777),24000,1908,NA,Ottawa Renegades; Ottawa Rough Riders; Ottawa Fury FC; Ottawa Redblacks; Atlético Ottawa
28,S-028,BC Place,Vancouver,Canada,54000,https://en.wikipedia.org/wiki/BC_Place,https://en.wikipedia.org/wiki/Vancouver,BC Place,BC Place,https://en.wikipedia.org/wiki/BC_Place,http://www.wikidata.org/entity/Q612227,BC Place,Point(-123.111944444 49.276666666),54500,1983,NA,Vancouver Whitecaps FC; BC Lions
29,S-029,Investors Group Field,Winnipeg,Canada,33000,https://en.wikipedia.org/wiki/Investors_Group_Field,https://en.wikipedia.org/wiki/Winnipeg,Investors Group Field,Princess Auto Stadium,https://en.wikipedia.org/wiki/Princess_Auto_Stadium,http://www.wikidata.org/entity/Q1671788,Princess Auto Stadium,Point(-97.143056 49.807778),33422,2013,NA,Winnipeg Blue Bombers; Valour FC
30,S-030,Estadio Carlos Dittborn,Arica,Chile,18000,https://en.wikipedia.org/wiki/Estadio_Carlos_Dittborn,https://en.wikipedia.org/wiki/Arica,Estadio Carlos Dittborn,Carlos Dittborn Stadium,https://en.wikipedia.org/wiki/Carlos_Dittborn_Stadium,http://www.wikidata.org/entity/Q941620,Carlos Dittborn Stadium,Point(-70.299166666 -18.4875),9956,1962,NA,San Marcos de Arica
31,S-031,Estadio El Teniente,Rancagua,Chile,18000,https://en.wikipedia.org/wiki/Estadio_El_Teniente,https://en.wikipedia.org/wiki/Rancagua,Estadio El Teniente,Estadio El Teniente,https://en.wikipedia.org/wiki/Estadio_El_Teniente,http://www.wikidata.org/entity/Q991407,Estadio El Teniente,Point(-70.7375 -34.177777777),20,1947,2013,O'Higgins F.C.
32,S-032,Estadio Nacional,Santiago,Chile,67000,https://en.wikipedia.org/wiki/Estadio_Nacional_Julio_Mart%C3%ADnez_Prádanos,https://en.wikipedia.org/wiki/Santiago,Estadio Nacional Julio Martínez Prádanos,Estadio Nacional Julio Martínez Prádanos,https://en.wikipedia.org/wiki/Estadio_Nacional_Julio_Mart%C3%ADnez_Pr%C3%A1danos,http://www.wikidata.org/entity/Q594994,Julio Martínez Prádanos National Stadium,Point(-70.610555555 -33.464444444),46190,1938,NA,Chile men's national football team; Chile women's national association football team; Club Universidad de Chile
33,S-033,Estadio Sausalito,Viña del Mar,Chile,18000,https://en.wikipedia.org/wiki/Estadio_Sausalito,https://en.wikipedia.org/wiki/Viña_del_Mar,Estadio Sausalito,Sausalito Stadium,https://en.wikipedia.org/wiki/Sausalito_Stadium,http://www.wikidata.org/entity/Q658351,Sausalito Stadium,Point(-71.535 -33.014444444),21739,1929,NA,Everton de Viña del Mar
34,S-034,Chengdu Sports Center,Chengdu,China,40000,https://en.wikipedia.org/wiki/Chengdu_Sports_Centre,https://en.wikipedia.org/wiki/Chengdu,Chengdu Sports Centre,Chengdu Sports Centre,https://en.wikipedia.org/wiki/Chengdu_Sports_Centre,http://www.wikidata.org/entity/Q1069950,Chengdu Sports Centre,Point(104.06472222 30.66555556),38269,NA,NA,Chengdu Tiancheng F.C.
35,S-035,New Plaza Stadium,Foshan,China,14000,https://en.wikipedia.org/wiki/New_Plaza_Stadium,https://en.wikipedia.org/wiki/Foshan,New Plaza Stadium,New Plaza Stadium,https://en.wikipedia.org/wiki/New_Plaza_Stadium,http://www.wikidata.org/entity/Q12127138,New Plaza Stadium,Point(113.113 23.0312),14000,1991,2007,
36,S-036,Gaungdong Provincial Stadium,Guangzhou,China,25000,https://en.wikipedia.org/wiki/Guangdong_Provincial_People's_Stadium,https://en.wikipedia.org/wiki/Guangzhou,Guangdong Provincial People's Stadium,Guangdong Provincial People's Stadium,https://en.wikipedia.org/wiki/Guangdong_Provincial_People%27s_Stadium,http://www.wikidata.org/entity/Q986110,Guangdong Provincial People's Stadium,Point(113.278672 23.12711),15000,1932,NA,Guangdong Sunray Cave F.C.
37,S-037,Guangdong Provincial Stadium,Guangzhou,China,25000,https://en.wikipedia.org/wiki/Guangdong_Provincial_People's_Stadium,https://en.wikipedia.org/wiki/Guangzhou,Guangdong Provincial People's Stadium,Guangdong Provincial People's Stadium,https://en.wikipedia.org/wiki/Guangdong_Provincial_People%27s_Stadium,http://www.wikidata.org/entity/Q986110,Guangdong Provincial People's Stadium,Point(113.278672 23.12711),15000,1932,NA,Guangdong Sunray Cave F.C.
38,S-038,Tainhe Stadium,Guangzhou,China,60000,https://en.wikipedia.org/wiki/Tianhe_Stadium,https://en.wikipedia.org/wiki/Guangzhou,Tianhe Stadium,Tianhe Stadium,https://en.wikipedia.org/wiki/Tianhe_Stadium,http://www.wikidata.org/entity/Q929126,Tianhe Stadium,Point(113.31934 23.14052),58500,1987,NA,Guangzhou F.C.
39,S-039,Tianhe Stadium,Guangzhou,China,60000,https://en.wikipedia.org/wiki/Tianhe_Stadium,https://en.wikipedia.org/wiki/Guangzhou,Tianhe Stadium,Tianhe Stadium,https://en.wikipedia.org/wiki/Tianhe_Stadium,http://www.wikidata.org/entity/Q929126,Tianhe Stadium,Point(113.31934 23.14052),58500,1987,NA,Guangzhou F.C.
40,S-040,Ying Tung Stadium,Guangzhou,China,15000,https://en.wikipedia.org/wiki/Henry_Fok_Stadium,https://en.wikipedia.org/wiki/Guangzhou,Henry Fok Stadium,Henry Fok Stadium,https://en.wikipedia.org/wiki/Henry_Fok_Stadium,http://www.wikidata.org/entity/Q3271722,Henry Fok Stadium,Point(113.352264 22.945908),14818,NA,NA,
41,S-041,Yellow Dragon Sports Center,Hangzhou,China,51000,https://en.wikipedia.org/wiki/Yellow_Dragon_Sports_Center,https://en.wikipedia.org/wiki/Hangzhou,Yellow Dragon Sports Center,Huanglong Sports Center,https://en.wikipedia.org/wiki/Huanglong_Sports_Center,http://www.wikidata.org/entity/Q1302940,Huanglong Sports Center,Point(120.129 30.2683),51000,2000,NA,Zhejiang Professional F.C.
42,S-042,Jiangmen Stadium,Jiangmen,China,13000,https://en.wikipedia.org/wiki/Jiangmen_Stadium,https://en.wikipedia.org/wiki/Jiangmen,Jiangmen Stadium,Jiangmen Stadium,https://en.wikipedia.org/wiki/Jiangmen_Stadium,http://www.wikidata.org/entity/Q11869422,Jiangmen Stadium,Point(113.08382 22.588694),13000,NA,NA,
43,S-043,Hongkou Football Stadium,Shanghai,China,33000,https://en.wikipedia.org/wiki/Hongkou_Football_Stadium,https://en.wikipedia.org/wiki/Shanghai,Hongkou Football Stadium,Hongkou Football Stadium,https://en.wikipedia.org/wiki/Hongkou_Football_Stadium,http://www.wikidata.org/entity/Q201773,Hongkou Football Stadium,Point(121.4762 31.2733),33060,1999,NA,Shanghai Shenhua F.C.
44,S-044,Tianjin Olympic Center,Tianjin,China,60000,https://en.wikipedia.org/wiki/Tianjin_Olympic_Center,https://en.wikipedia.org/wiki/Tianjin,Tianjin Olympic Center,Tianjin Olympic Centre,https://en.wikipedia.org/wiki/Tianjin_Olympic_Centre,http://www.wikidata.org/entity/Q834369,Tianjin Olympic Center Stadium,Point(117.169389 39.073444),60000,2007,NA,Tianjin Jinmen Tiger F.C.
45,S-045,Wuhan Sports Center,Wuhan,China,60000,https://en.wikipedia.org/wiki/Wuhan_Sports_Center,https://en.wikipedia.org/wiki/Wuhan,Wuhan Sports Center,Wuhan Sports Center,https://en.wikipedia.org/wiki/Wuhan_Sports_Center,http://www.wikidata.org/entity/Q1194029,Wuhan Sports Center,Point(114.166253 30.502313),54357,2002,NA,Wuhan Yangtze River F.C.
46,S-046,Zhongshan Stadium,Zhongshan,China,12000,https://en.wikipedia.org/wiki/Zhongshan_Sports_Center_Stadium,https://en.wikipedia.org/wiki/Zhongshan,Zhongshan Sports Center Stadium,Zhongshan Sports Center Stadium,https://en.wikipedia.org/wiki/Zhongshan_Sports_Center_Stadium,http://www.wikidata.org/entity/Q5929803,Zhongshan Sports Center Stadium,Point(113.389 22.5072),12000,NA,NA,
47,S-047,Villa Park,Birmingham,England,52000,https://en.wikipedia.org/wiki/Villa_Park,https://en.wikipedia.org/wiki/Birmingham,Villa Park,Villa Park,https://en.wikipedia.org/wiki/Villa_Park,http://www.wikidata.org/entity/Q175339,Villa Park,Point(-1.884722222 52.509166666),42640,1897,NA,Aston Villa F.C.
48,S-048,Goodison Park,Liverpool,England,50000,https://en.wikipedia.org/wiki/Goodison_Park,https://en.wikipedia.org/wiki/Liverpool,Goodison Park,Goodison Park,https://en.wikipedia.org/wiki/Goodison_Park,http://www.wikidata.org/entity/Q968420,Goodison Park,Point(-2.966388888 53.438888888),40157,1892,NA,Everton F.C.; Everton F.C. Women
49,S-049,Wembley Stadium,London,England,99000,https://en.wikipedia.org/wiki/Wembley_Stadium_(1923),https://en.wikipedia.org/wiki/London,Wembley Stadium (1923),Wembley Stadium (1923),https://en.wikipedia.org/wiki/Wembley_Stadium_(1923),http://www.wikidata.org/entity/Q43279,Wembley Stadium,Point(-0.279722222 51.555555555),82000,1923,2002,The Football Association
50,S-050,White City Stadium,London,England,77000,https://en.wikipedia.org/wiki/White_City_Stadium,https://en.wikipedia.org/wiki/London,White City Stadium,White City Stadium,https://en.wikipedia.org/wiki/White_City_Stadium,http://www.wikidata.org/entity/Q876286,White City Stadium,Point(-0.2274 51.513619444),93000,1908,1985,1908 Summer Olympics; Liverpool Stanley
51,S-051,Old Trafford,Manchester,England,58000,https://en.wikipedia.org/wiki/Old_Trafford,https://en.wikipedia.org/wiki/Manchester,Old Trafford,Old Trafford,https://en.wikipedia.org/wiki/Old_Trafford,http://www.wikidata.org/entity/Q83457,Old Trafford,Point(-2.291388888 53.463055555),75731,1910,NA,Manchester United F.C.
52,S-052,Ayresome Park,Middlesbrough,England,40000,https://en.wikipedia.org/wiki/Ayresome_Park,https://en.wikipedia.org/wiki/Middlesbrough,Ayresome Park,Ayresome Park,https://en.wikipedia.org/wiki/Ayresome_Park,http://www.wikidata.org/entity/Q602392,Ayresome Park,Point(-1.246944 54.564167),54000,1903,1997,Middlesbrough F.C.
53,S-053,Hillsborough Stadium,Sheffield,England,43000,https://en.wikipedia.org/wiki/Hillsborough_Stadium,https://en.wikipedia.org/wiki/Sheffield,Hillsborough Stadium,Hillsborough Stadium,https://en.wikipedia.org/wiki/Hillsborough_Stadium,http://www.wikidata.org/entity/Q642557,Hillsborough Stadium,Point(-1.500555555 53.411388888),39732,1899,NA,Sheffield Wednesday F.C.; Sheffield Eagles
54,S-054,Roker Park,Sunderland,England,40000,https://en.wikipedia.org/wiki/Roker_Park,https://en.wikipedia.org/wiki/Sunderland,Roker Park,Roker Park,https://en.wikipedia.org/wiki/Roker_Park,http://www.wikidata.org/entity/Q1541691,Roker Park,Point(-1.375480555 54.9213),22500,1898,1998,Sunderland A.F.C.
55,S-055,Stade du Fort Carré,Antibes,France,7000,https://en.wikipedia.org/wiki/Stade_du_Fort_Carré,https://en.wikipedia.org/wiki/Antibes,Stade du Fort Carré,Stade du Fort Carré,https://en.wikipedia.org/wiki/Stade_du_Fort_Carr%C3%A9,http://www.wikidata.org/entity/Q946007,Stade du Fort Carré,Point(7.12603 43.59221),4000,1912,NA,FC Antibes
56,S-056,Stade du Parc Lescure,Bordeaux,France,35000,https://en.wikipedia.org/wiki/Stade_Chaban-Delmas,https://en.wikipedia.org/wiki/Bordeaux,Stade Chaban-Delmas,Stade Chaban-Delmas,https://en.wikipedia.org/wiki/Stade_Chaban-Delmas,http://www.wikidata.org/entity/Q386547,Stade Chaban-Delmas,Point(-0.598056 44.829167),33290,1938,NA,Union Bordeaux Bègles
57,S-057,Stade des Alpes,Grenoble,France,18000,https://en.wikipedia.org/wiki/Stade_des_Alpes,https://en.wikipedia.org/wiki/Grenoble,Stade des Alpes,Stade des Alpes,https://en.wikipedia.org/wiki/Stade_des_Alpes,http://www.wikidata.org/entity/Q2299298,Stade des Alpes,Point(5.740194 45.187474),20068,2008,NA,Grenoble Foot 38; Football Club Grenoble Rugby
58,S-058,Stade Jules Deschaseaux,Le Havre,France,22000,https://en.wikipedia.org/wiki/Stade_Jules_Deschaseaux,https://en.wikipedia.org/wiki/Le_Havre,Stade Jules Deschaseaux,Stade Jules Deschaseaux,https://en.wikipedia.org/wiki/Stade_Jules_Deschaseaux,http://www.wikidata.org/entity/Q1059879,Stade Jules Deschaseaux,Point(0.1712 49.50185),16382,1931,NA,Le Havre AC
59,S-059,Stade Océane,Le Havre,France,24000,https://en.wikipedia.org/wiki/Stade_Océane,https://en.wikipedia.org/wiki/Le_Havre,Stade Océane,Stade Océane,https://en.wikipedia.org/wiki/Stade_Oc%C3%A9ane,http://www.wikidata.org/entity/Q219462,Stade Océane,Point(0.1697 49.4988),33000,2012,NA,Le Havre AC
60,S-060,Stade Félix-Bollaert,Lens,France,41000,https://en.wikipedia.org/wiki/Stade_Bollaert-Delelis,"https://en.wikipedia.org/wiki/Lens,_Pas-de-Calais",Stade Bollaert-Delelis,Stade Bollaert-Delelis,https://en.wikipedia.org/wiki/Stade_Bollaert-Delelis,http://www.wikidata.org/entity/Q854122,Stade Bollaert-Delelis,Point(2.81491 50.4329),38223,1933,NA,R.C. Lens
61,S-061,Stade Victor Boucquey,Lille,France,15000,https://en.wikipedia.org/wiki/Stade_Henri-Jooris,https://en.wikipedia.org/wiki/Lille,Stade Henri-Jooris,Stade Henri-Jooris,https://en.wikipedia.org/wiki/Stade_Henri-Jooris,http://www.wikidata.org/entity/Q901844,Stade Victor Boucquey,Point(3.036111 50.6375),15000,1902,1975,Lille OSC; Olympique Lillois
62,S-062,Parc Olympique Lyonnais,Lyon,France,58000,https://en.wikipedia.org/wiki/Parc_Olympique_Lyonnais,https://en.wikipedia.org/wiki/Lyon,Parc Olympique Lyonnais,Parc Olympique Lyonnais,https://en.wikipedia.org/wiki/Parc_Olympique_Lyonnais,http://www.wikidata.org/entity/Q8507,Parc Olympique Lyonnais,Point(4.982131 45.765224),59286,2016,NA,Olympique Lyonnais
63,S-063,Stade de Gerland,Lyon,France,44000,https://en.wikipedia.org/wiki/Stade_de_Gerland,https://en.wikipedia.org/wiki/Lyon,Stade de Gerland,Stade de Gerland,https://en.wikipedia.org/wiki/Stade_de_Gerland,http://www.wikidata.org/entity/Q1980,Stade de Gerland,Point(4.83225 45.72377),35029,1926,NA,Lyon OU
64,S-064,Stade Vélodrome,Marseille,France,60000,https://en.wikipedia.org/wiki/Stade_Vélodrome,https://en.wikipedia.org/wiki/Marseille,Stade Vélodrome,Stade Vélodrome,https://en.wikipedia.org/wiki/Stade_V%C3%A9lodrome,http://www.wikidata.org/entity/Q202150,Stade Vélodrome,Point(5.394907 43.269241),67394,1937,NA,Olympique de Marseille
65,S-065,Stade de la Mosson,Montpellier,France,34000,https://en.wikipedia.org/wiki/Stade_de_la_Mosson,https://en.wikipedia.org/wiki/Montpellier,Stade de la Mosson,Stade de la Mosson,https://en.wikipedia.org/wiki/Stade_de_la_Mosson,http://www.wikidata.org/entity/Q815833,Stade de la Mosson,Point(3.81279 43.62061),32900,1972,NA,Montpellier Hérault Sport Club
66,S-066,Stade de la Beaujoire,Nantes,France,40000,https://en.wikipedia.org/wiki/Stade_de_la_Beaujoire,https://en.wikipedia.org/wiki/Nantes,Stade de la Beaujoire,Stade de la Beaujoire,https://en.wikipedia.org/wiki/Stade_de_la_Beaujoire,http://www.wikidata.org/entity/Q1053455,Stade de la Beaujoire,Point(-1.52466 47.2561),35318,1984,NA,FC Nantes
67,S-067,Allianz Riviera,Nice,France,35000,https://en.wikipedia.org/wiki/Allianz_Riviera,https://en.wikipedia.org/wiki/Nice,Allianz Riviera,Allianz Riviera,https://en.wikipedia.org/wiki/Allianz_Riviera,http://www.wikidata.org/entity/Q127372,Allianz Riviera,Point(7.19262 43.70513),36178,2013,NA,OGC Nice; OGC Nice (Women)
68,S-068,Parc des Princes,Paris,France,49000,https://en.wikipedia.org/wiki/Parc_des_Princes,https://en.wikipedia.org/wiki/Paris,Parc des Princes,Parc des Princes,https://en.wikipedia.org/wiki/Parc_des_Princes,http://www.wikidata.org/entity/Q193431,Parc des Princes,Point(2.25305 48.84145),47930,1972,NA,Paris Saint-Germain FC
69,S-069,Stade Olympique de Colombes,Paris,France,60000,https://en.wikipedia.org/wiki/Stade_Olympique_Yves-du-Manoir,https://en.wikipedia.org/wiki/Paris,Stade Olympique Yves-du-Manoir,Stade Yves-du-Manoir,https://en.wikipedia.org/wiki/Stade_Yves-du-Manoir,http://www.wikidata.org/entity/Q754502,Yves du Manoir Stadium,Point(2.24961 48.93145),14000,1907,NA,Racing 92; Racing Club de France
70,S-070,Stade Auguste-Delaune,Reims,France,21000,https://en.wikipedia.org/wiki/Stade_Auguste-Delaune,https://en.wikipedia.org/wiki/Reims,Stade Auguste-Delaune,Stade Auguste-Delaune,https://en.wikipedia.org/wiki/Stade_Auguste-Delaune,http://www.wikidata.org/entity/Q530735,Stade Auguste Delaune,Point(4.02478 49.24716),21684,1935,NA,Stade de Reims
71,S-071,Vélodrome Municipal,Reims,France,22000,https://en.wikipedia.org/wiki/Stade_Auguste_Delaune,https://en.wikipedia.org/wiki/Reims,Stade Auguste Delaune,Stade Auguste-Delaune,https://en.wikipedia.org/wiki/Stade_Auguste-Delaune,http://www.wikidata.org/entity/Q530735,Stade Auguste Delaune,Point(4.02478 49.24716),21684,1935,NA,Stade de Reims
72,S-072,Roazhon Park,Rennes,France,29000,https://en.wikipedia.org/wiki/Roazhon_Park,https://en.wikipedia.org/wiki/Rennes,Roazhon Park,Roazhon Park,https://en.wikipedia.org/wiki/Roazhon_Park,http://www.wikidata.org/entity/Q1121760,Roazhon Park,Point(-1.71282 48.10743),31127,1912,NA,Stade Rennais F.C.
73,S-073,Stade de France,Saint-Denis,France,80000,https://en.wikipedia.org/wiki/Stade_de_France,"https://en.wikipedia.org/wiki/Saint-Denis,_Seine-Saint-Denis",Stade de France,Stade de France,https://en.wikipedia.org/wiki/Stade_de_France,http://www.wikidata.org/entity/Q13205,Stade de France,Point(2.36 48.924444444),81338,1998,NA,France men's national association football team; France national rugby union team; Team Vitality
74,S-074,Stade Geoffroy-Guichard,Saint-Étienne,France,36000,https://en.wikipedia.org/wiki/Stade_Geoffroy-Guichard,https://en.wikipedia.org/wiki/Saint-Étienne,Stade Geoffroy-Guichard,Stade Geoffroy-Guichard,https://en.wikipedia.org/wiki/Stade_Geoffroy-Guichard,http://www.wikidata.org/entity/Q861000,Stade Geoffroy-Guichard,Point(4.390171 45.460749),41965,1931,NA,AS Saint-Étienne
75,S-075,Stade de la Meinau,Strasbourg,France,30000,https://en.wikipedia.org/wiki/Stade_de_la_Meinau,https://en.wikipedia.org/wiki/Strasbourg,Stade de la Meinau,Stade de la Meinau,https://en.wikipedia.org/wiki/Stade_de_la_Meinau,http://www.wikidata.org/entity/Q374883,Stade de la Meinau,Point(7.75738 48.55942),26109,1914,NA,RC Strasbourg Alsace
76,S-076,Stade de Toulouse,Toulouse,France,37000,https://en.wikipedia.org/wiki/Stadium_Municipal,https://en.wikipedia.org/wiki/Toulouse,Stadium Municipal,Stadium de Toulouse,https://en.wikipedia.org/wiki/Stadium_de_Toulouse,http://www.wikidata.org/entity/Q738044,Stadium Municipal,Point(1.434055 43.583296),33150,1949,NA,Toulouse FC
77,S-077,Stade du T.O.E.C.,Toulouse,France,15000,https://en.wikipedia.org/wiki/Stade_Chapou,https://en.wikipedia.org/wiki/Toulouse,Stade Chapou,Stade Chapou,https://en.wikipedia.org/wiki/Stade_Chapou,http://www.wikidata.org/entity/Q64688028,Stade Chapou,Point(1.419166666 43.608611111),15000,NA,NA,
78,S-078,Stade du Hainaut,Valenciennes,France,23000,https://en.wikipedia.org/wiki/Stade_du_Hainaut,https://en.wikipedia.org/wiki/Valenciennes,Stade du Hainaut,Stade du Hainaut,https://en.wikipedia.org/wiki/Stade_du_Hainaut,http://www.wikidata.org/entity/Q2299919,Stade du Hainaut,Point(3.53178 50.34851),25000,2011,NA,Valenciennes F.C.
79,S-079,Impuls Arena,Augsburg,Germany,25000,https://en.wikipedia.org/wiki/Impuls_Arena,https://en.wikipedia.org/wiki/Augsburg,Impuls Arena,Augsburg Arena,https://en.wikipedia.org/wiki/Augsburg_Arena,http://www.wikidata.org/entity/Q167418,WWK Arena,Point(10.8859261 48.3233205),30660,2009,NA,FC Augsburg
80,S-080,Olympiastadion,Berlin,Germany,86000,https://en.wikipedia.org/wiki/Olympiastadion_(Berlin),https://en.wikipedia.org/wiki/Berlin,Olympiastadion (Berlin),Olympiastadion (Berlin),https://en.wikipedia.org/wiki/Olympiastadion_(Berlin),http://www.wikidata.org/entity/Q151374,Berlin Olympic Stadium,Point(13.239444444 52.514722222),74475,1936,NA,Germany men's national association football team; Hertha BSC
81,S-081,Ruhrstadion,Bochum,Germany,21000,https://en.wikipedia.org/wiki/Ruhrstadion,https://en.wikipedia.org/wiki/Bochum,Ruhrstadion,Ruhrstadion,https://en.wikipedia.org/wiki/Ruhrstadion,http://www.wikidata.org/entity/Q373769,Ruhrstadion,Point(7.236489 51.489944),29299,1911,NA,VfL Bochum
82,S-082,RheinEnergieStadion,Cologne,Germany,45000,https://en.wikipedia.org/wiki/RheinEnergieStadion,https://en.wikipedia.org/wiki/Cologne,RheinEnergieStadion,RheinEnergieStadion,https://en.wikipedia.org/wiki/RheinEnergieStadion,http://www.wikidata.org/entity/Q151893,RheinEnergie Stadion,Point(6.875 50.933611),46195,1923,NA,1. FC Köln
83,S-083,Westfalenstadion,Dortmund,Germany,65000,https://en.wikipedia.org/wiki/Westfalenstadion,https://en.wikipedia.org/wiki/Dortmund,Westfalenstadion,Westfalenstadion,https://en.wikipedia.org/wiki/Westfalenstadion,http://www.wikidata.org/entity/Q150928,Westfalenstadion,Point(7.451667 51.4925),81359,1974,NA,Borussia Dortmund
84,S-084,Rudolf-Harbig-Stadion,Dresden,Germany,26000,https://en.wikipedia.org/wiki/Rudolf-Harbig-Stadion,https://en.wikipedia.org/wiki/Dresden,Rudolf-Harbig-Stadion,Rudolf-Harbig-Stadion,https://en.wikipedia.org/wiki/Rudolf-Harbig-Stadion,http://www.wikidata.org/entity/Q170154,Rudolf-Harbig-Stadion,Point(13.747778 51.040278),32085,1923,NA,Dynamo Dresden
85,S-085,Rheinstadion,Düsseldorf,Germany,70000,https://en.wikipedia.org/wiki/Rheinstadion,https://en.wikipedia.org/wiki/Düsseldorf,Rheinstadion,Rheinstadion,https://en.wikipedia.org/wiki/Rheinstadion,http://www.wikidata.org/entity/Q699555,Rheinstadion,Point(6.734167 51.260278),42500,1925,2002,Fortuna Düsseldorf
86,S-086,Waldstadion,Frankfurt,Germany,62000,https://en.wikipedia.org/wiki/Waldstadion_(Frankfurt),https://en.wikipedia.org/wiki/Frankfurt,Waldstadion (Frankfurt),Waldstadion (Frankfurt),https://en.wikipedia.org/wiki/Waldstadion_(Frankfurt),http://www.wikidata.org/entity/Q157273,Waldstadion,Point(8.645278 50.068611),51500,1925,NA,Eintracht Frankfurt
87,S-087,Arena AufShalke,Gelsenkirchen,Germany,52000,https://en.wikipedia.org/wiki/Arena_AufSchalke,https://en.wikipedia.org/wiki/Gelsenkirchen,Arena AufSchalke,Arena AufSchalke,https://en.wikipedia.org/wiki/Arena_AufSchalke,http://www.wikidata.org/entity/Q150961,Arena AufSchalke,Point(7.067588888 51.554502777),62271,2001,NA,Schalke 04
88,S-088,Parkstadion,Gelsenkirchen,Germany,72000,https://en.wikipedia.org/wiki/Parkstadion,https://en.wikipedia.org/wiki/Gelsenkirchen,Parkstadion,Parkstadion,https://en.wikipedia.org/wiki/Parkstadion,http://www.wikidata.org/entity/Q700462,Parkstadion,Point(7.067835 51.559368),62008,1973,NA,Schalke 04
89,S-089,Volksparkstadion,Hamburg,Germany,61000,https://en.wikipedia.org/wiki/Volksparkstadion,https://en.wikipedia.org/wiki/Hamburg,Volksparkstadion,Volksparkstadion,https://en.wikipedia.org/wiki/Volksparkstadion,http://www.wikidata.org/entity/Q150933,Volksparkstadion,Point(9.898611 53.586944),57000,1953,NA,Hamburger SV
90,S-090,Niedersachsenstadion,Hanover,Germany,60000,https://en.wikipedia.org/wiki/Niedersachsenstadion,https://en.wikipedia.org/wiki/Hanover,Niedersachsenstadion,Niedersachsenstadion,https://en.wikipedia.org/wiki/Niedersachsenstadion,http://www.wikidata.org/entity/Q152633,Niedersachsenstadion,Point(9.731111 52.36),49000,1954,NA,Hannover 96
91,S-091,Fritz-Walter-Stadion,Kaiserslautern,Germany,46000,https://en.wikipedia.org/wiki/Fritz-Walter-Stadion,https://en.wikipedia.org/wiki/Kaiserslautern,Fritz-Walter-Stadion,Fritz-Walter-Stadion,https://en.wikipedia.org/wiki/Fritz-Walter-Stadion,http://www.wikidata.org/entity/Q154298,Fritz Walter Stadium,Point(7.775833 49.434444),49780,1920,NA,1. FC Kaiserslautern
92,S-092,Zentralstadion,Leipzig,Germany,43000,https://en.wikipedia.org/wiki/Red_Bull_Arena_(Leipzig),https://en.wikipedia.org/wiki/Leipzig,Red Bull Arena (Leipzig),Red Bull Arena (Leipzig),https://en.wikipedia.org/wiki/Red_Bull_Arena_(Leipzig),http://www.wikidata.org/entity/Q210466,Red Bull Arena,Point(12.348056 51.345833),42000,1956,NA,RB Leipzig
93,S-093,BayArena,Leverkusen,Germany,30000,https://en.wikipedia.org/wiki/BayArena,https://en.wikipedia.org/wiki/Leverkusen,BayArena,BayArena,https://en.wikipedia.org/wiki/BayArena,http://www.wikidata.org/entity/Q156630,BayArena,Point(7.002205555 51.038255555),30210,1932,NA,Bayer 04 Leverkusen
94,S-094,Borussia-Park,Mönchengladbach,Germany,46000,https://en.wikipedia.org/wiki/Borussia-Park,https://en.wikipedia.org/wiki/Mönchengladbach,Borussia-Park,Borussia-Park,https://en.wikipedia.org/wiki/Borussia-Park,http://www.wikidata.org/entity/Q154074,ista-Borussia-Park,Point(6.385463888 51.174583333),59749,2004,NA,Borussia Mönchengladbach
95,S-095,Allianz Arena,Munich,Germany,66000,https://en.wikipedia.org/wiki/Allianz_Arena,https://en.wikipedia.org/wiki/Munich,Allianz Arena,Allianz Arena,https://en.wikipedia.org/wiki/Allianz_Arena,http://www.wikidata.org/entity/Q127429,Allianz Arena,Point(11.624752777 48.218775),75024,2005,NA,FC Bayern Munich
96,S-096,Olympiastadion,Munich,Germany,78000,https://en.wikipedia.org/wiki/Olympiastadion_(Munich),https://en.wikipedia.org/wiki/Munich,Olympiastadion (Munich),Olympiastadion (Munich),https://en.wikipedia.org/wiki/Olympiastadion_(Munich),http://www.wikidata.org/entity/Q131610,Munich Olympic Stadium,Point(11.546666666 48.173055555),63118,1972,NA,1972 Summer Olympics; FC Bayern Munich; TSV 1860 München
97,S-097,Frankenstadion,Nuremberg,Germany,41000,https://en.wikipedia.org/wiki/Nuremberg,https://en.wikipedia.org/wiki/Nuremberg,Nuremberg,Nuremberg,https://en.wikipedia.org/wiki/Nuremberg,http://www.wikidata.org/entity/Q2090,Nuremberg,Point(11.0775 49.453888888),NA,NA,NA,
98,S-098,Rhein-Neckar-Arena,Sinsheim,Germany,30000,https://en.wikipedia.org/wiki/Rhein-Neckar-Arena,https://en.wikipedia.org/wiki/Sinsheim,Rhein-Neckar-Arena,Rhein-Neckar-Arena,https://en.wikipedia.org/wiki/Rhein-Neckar-Arena,http://www.wikidata.org/entity/Q129870,SNP Arena,Point(8.888278 49.239),30150,2009,NA,TSG 1899 Hoffenheim
99,S-099,Neckarstadion,Stuttgart,Germany,72000,https://en.wikipedia.org/wiki/Mercedes-Benz_Arena_(Stuttgart),https://en.wikipedia.org/wiki/Stuttgart,Mercedes-Benz Arena (Stuttgart),MHPArena,https://en.wikipedia.org/wiki/MHPArena,http://www.wikidata.org/entity/Q152349,MHPArena,Point(9.231944 48.792222),60058,1933,NA,VfB Stuttgart
100,S-100,Volkswagen Arena,Wolfsburg,Germany,26000,https://en.wikipedia.org/wiki/Volkswagen_Arena,https://en.wikipedia.org/wiki/Wolfsburg,Volkswagen Arena,Volkswagen Arena,https://en.wikipedia.org/wiki/Volkswagen_Arena,http://www.wikidata.org/entity/Q155603,Volkswagen Arena,Point(10.803889 52.431944),30000,2002,NA,VfL Wolfsburg
101,S-101,Stadio San Nicola,Bari,Italy,51000,https://en.wikipedia.org/wiki/Stadio_San_Nicola,https://en.wikipedia.org/wiki/Bari,Stadio San Nicola,Stadio San Nicola,https://en.wikipedia.org/wiki/Stadio_San_Nicola,http://www.wikidata.org/entity/Q328698,Stadio San Nicola,Point(16.840072 41.084736),58270,1990,NA,SSC Bari
102,S-102,Stadio Renato Dall'Ara,Bologna,Italy,50000,https://en.wikipedia.org/wiki/Stadio_Renato_Dall%27Ara,https://en.wikipedia.org/wiki/Bologna,Stadio Renato Dall'Ara,Stadio Renato Dall'Ara,https://en.wikipedia.org/wiki/Stadio_Renato_Dall%27Ara,http://www.wikidata.org/entity/Q757182,Stadio Renato Dall'Ara,Point(11.3098 44.4922),36462,1927,NA,Bologna F.C. 1909
103,S-103,Stadio Sant'Elia,Cagliari,Italy,35000,https://en.wikipedia.org/wiki/Stadio_Sant%27Elia,https://en.wikipedia.org/wiki/Cagliari,Stadio Sant'Elia,Stadio Sant'Elia,https://en.wikipedia.org/wiki/Stadio_Sant%27Elia,http://www.wikidata.org/entity/Q754200,Sant'Elia stadium,Point(9.134805555 39.199416666),16074,1970,2015,Cagliari Calcio
104,S-104,Stadio Comunale,Florence,Italy,39000,https://en.wikipedia.org/wiki/Stadio_Artemio_Franchi,https://en.wikipedia.org/wiki/Florence,Stadio Artemio Franchi,Stadio Artemio Franchi,https://en.wikipedia.org/wiki/Stadio_Artemio_Franchi,http://www.wikidata.org/entity/Q270474,Stadio Artemio Franchi,Point(11.282258 43.780822),43325,1931,NA,ACF Fiorentina
105,S-105,Stadio Giovanni Berta,Florence,Italy,47000,https://en.wikipedia.org/wiki/Stadio_Artemio_Franchi_(Florence),https://en.wikipedia.org/wiki/Florence,Stadio Artemio Franchi (Florence),Stadio Artemio Franchi,https://en.wikipedia.org/wiki/Stadio_Artemio_Franchi,http://www.wikidata.org/entity/Q270474,Stadio Artemio Franchi,Point(11.282258 43.780822),43325,1931,NA,ACF Fiorentina
106,S-106,Stadio Luigi Ferraris,Genoa,Italy,37000,https://en.wikipedia.org/wiki/Stadio_Luigi_Ferraris,https://en.wikipedia.org/wiki/Genoa,Stadio Luigi Ferraris,Stadio Luigi Ferraris,https://en.wikipedia.org/wiki/Stadio_Luigi_Ferraris,http://www.wikidata.org/entity/Q271568,Stadio Luigi Ferraris,Point(8.952428 44.416431),33205,1911,NA,U.C. Sampdoria; Genoa CFC; 2021–22 U.C. Sampdoria season
107,S-107,San Siro,Milan,Italy,75000,https://en.wikipedia.org/wiki/San_Siro,https://en.wikipedia.org/wiki/Milan,San Siro,San Siro,https://en.wikipedia.org/wiki/San_Siro,http://www.wikidata.org/entity/Q133566,Giuseppe Meazza Stadium,Point(9.123888888 45.478055555),75817,1926,NA,Inter Milan; AC Milan
108,S-108,Stadio Giorgio Ascarelli,Naples,Italy,40000,https://en.wikipedia.org/wiki/Stadio_Giorgio_Ascarelli,https://en.wikipedia.org/wiki/Naples,Stadio Giorgio Ascarelli,Stadio Partenopeo,https://en.wikipedia.org/wiki/Stadio_Partenopeo,http://www.wikidata.org/entity/Q1010594,Stadio Partenopeo,Point(14.293333 40.859722),40000,1930,1942,SSC Napoli
109,S-109,Stadio San Paolo,Naples,Italy,60000,https://en.wikipedia.org/wiki/Stadio_San_Paolo,https://en.wikipedia.org/wiki/Naples,Stadio San Paolo,Stadio Diego Armando Maradona,https://en.wikipedia.org/wiki/Stadio_Diego_Armando_Maradona,http://www.wikidata.org/entity/Q82709,Stadio Diego Armando Maradona,Point(14.193008 40.827967),54726,1959,NA,SSC Napoli
110,S-110,Stadio La Favorita,Palermo,Italy,33000,https://en.wikipedia.org/wiki/Stadio_Renzo_Barbera,https://en.wikipedia.org/wiki/Palermo,Stadio Renzo Barbera,Stadio Renzo Barbera,https://en.wikipedia.org/wiki/Stadio_Renzo_Barbera,http://www.wikidata.org/entity/Q28500,Stadio Renzo Barbera,Point(13.342275 38.152767),36365,1932,NA,Palermo F.C.
111,S-111,Stadio Nazionale PNF,Rome,Italy,47000,https://en.wikipedia.org/wiki/Stadio_Nazionale_PNF,https://en.wikipedia.org/wiki/Rome,Stadio Nazionale PNF,Stadio Nazionale PNF,https://en.wikipedia.org/wiki/Stadio_Nazionale_PNF,http://www.wikidata.org/entity/Q642958,Stadio Nazionale,Point(12.472222 41.927222),47300,1911,1957,SS Lazio; AS Roma; Italy national rugby union team
112,S-112,Stadio Olimpico,Rome,Italy,74000,https://en.wikipedia.org/wiki/Stadio_Olimpico,https://en.wikipedia.org/wiki/Rome,Stadio Olimpico,Stadio Olimpico,https://en.wikipedia.org/wiki/Stadio_Olimpico,http://www.wikidata.org/entity/Q159884,Stadio Olimpico,Point(12.454722222 41.933888888),70634,1953,NA,SS Lazio; AS Roma; Italian Rugby Federation
113,S-113,Stadio Littorio,Trieste,Italy,8000,https://en.wikipedia.org/wiki/Stadio_Giuseppe_Grezar,https://en.wikipedia.org/wiki/Trieste,Stadio Giuseppe Grezar,Stadio Giuseppe Grezar,https://en.wikipedia.org/wiki/Stadio_Giuseppe_Grezar,http://www.wikidata.org/entity/Q1627980,Stadio Giuseppe Grezar,Point(13.79425764 45.62381518),8000,1932,NA,US Triestina Calcio 1918
114,S-114,Stadio Benito Mussolini,Turin,Italy,28000,https://en.wikipedia.org/wiki/Stadio_Olimpico_Grande_Torino,https://en.wikipedia.org/wiki/Turin,Stadio Olimpico Grande Torino,Stadio Olimpico Grande Torino,https://en.wikipedia.org/wiki/Stadio_Olimpico_Grande_Torino,http://www.wikidata.org/entity/Q214629,Stadio Olimpico Grande Torino,Point(7.65 45.041667),28177,1933,NA,Torino FC
115,S-115,Stadio delle Alpi,Turin,Italy,63000,https://en.wikipedia.org/wiki/Stadio_delle_Alpi,https://en.wikipedia.org/wiki/Turin,Stadio delle Alpi,Stadio Delle Alpi,https://en.wikipedia.org/wiki/Stadio_Delle_Alpi,http://www.wikidata.org/entity/Q215493,Stadio delle Alpi,Point(7.641261111 45.109561111),69295,1990,2009,Juventus FC; Torino FC
116,S-116,Stadio Friuli,Udine,Italy,36000,https://en.wikipedia.org/wiki/Stadio_Friuli,https://en.wikipedia.org/wiki/Udine,Stadio Friuli,Stadio Friuli,https://en.wikipedia.org/wiki/Stadio_Friuli,http://www.wikidata.org/entity/Q640031,Stadio Friuli,Point(13.200136 46.081603),25312,1976,NA,Udinese Calcio; Pordenone FC
117,S-117,Stadio Marc'Antonio Bentegodi,Verona,Italy,36000,https://en.wikipedia.org/wiki/Stadio_Marc%27Antonio_Bentegodi,https://en.wikipedia.org/wiki/Verona,Stadio Marc'Antonio Bentegodi,Stadio Marcantonio Bentegodi,https://en.wikipedia.org/wiki/Stadio_Marcantonio_Bentegodi,http://www.wikidata.org/entity/Q737093,Stadio Marcantonio Bentegodi,Point(10.968647 45.435356),31045,1963,NA,AC ChievoVerona; Hellas Verona FC
118,S-118,Kashima Stadium,Ibaraki,Japan,42000,https://en.wikipedia.org/wiki/Kashima_Soccer_Stadium,"https://en.wikipedia.org/wiki/Kashima,_Ibaraki",Kashima Soccer Stadium,Kashima Soccer Stadium,https://en.wikipedia.org/wiki/Kashima_Soccer_Stadium,http://www.wikidata.org/entity/Q494769,Kashima Soccer Stadium,Point(140.640525 35.991744),40728,1993,NA,Kashima Antlers; 2020 Summer Olympics
119,S-119,Kobe Wing Stadium,Kobe,Japan,42000,https://en.wikipedia.org/wiki/Kobe_Wing_Stadium,https://en.wikipedia.org/wiki/Kobe,Kobe Wing Stadium,Noevir Stadium Kobe,https://en.wikipedia.org/wiki/Noevir_Stadium_Kobe,http://www.wikidata.org/entity/Q494766,Wing Stadium Kobe,Point(135.168888888 34.656666666),30132,2001,NA,Vissel Kobe; INAC Kobe Leonessa; Kobelco Kobe Steelers
120,S-120,Miyagi Stadium,Miyagi,Japan,49000,https://en.wikipedia.org/wiki/Miyagi_Stadium,https://en.wikipedia.org/wiki/Miyagi_Prefecture,Miyagi Stadium,Miyagi Stadium,https://en.wikipedia.org/wiki/Miyagi_Stadium,http://www.wikidata.org/entity/Q494773,Q&A Stadium Miyagi,Point(140.950419444 38.335391666),49133,2000,NA,2020 Summer Olympics; Vegalta Sendai
121,S-121,Niigata Stadium,Niigata,Japan,42000,https://en.wikipedia.org/wiki/Denka_Big_Swan_Stadium,"https://en.wikipedia.org/wiki/Niigata,_Niigata",Denka Big Swan Stadium,Denka Big Swan Stadium,https://en.wikipedia.org/wiki/Denka_Big_Swan_Stadium,http://www.wikidata.org/entity/Q494749,Denka Big Swan Stadium,Point(139.059166666 37.8825),42300,2001,NA,Albirex Niigata; Albirex Niigata Ladies
122,S-122,Ōita Stadium,Ōita,Japan,43000,https://en.wikipedia.org/wiki/Showa_Denko_Dome_Oita,"https://en.wikipedia.org/wiki/Ōita,_Ōita",Showa Denko Dome Oita,Crasus Dome Oita,https://en.wikipedia.org/wiki/Crasus_Dome_Oita,http://www.wikidata.org/entity/Q482581,Ōita Stadium,Point(131.6575 33.200556),40000,2001,NA,Oita Trinita
123,S-123,Nagai Stadium,Osaka,Japan,50000,https://en.wikipedia.org/wiki/Nagai_Stadium,https://en.wikipedia.org/wiki/Osaka,Nagai Stadium,Nagai Stadium,https://en.wikipedia.org/wiki/Nagai_Stadium,http://www.wikidata.org/entity/Q494832,Yanmar Stadium Nagai,Point(135.518333 34.613889),47853,1964,NA,Cerezo Osaka
124,S-124,Saitama Stadium,Saitama,Japan,63000,https://en.wikipedia.org/wiki/Saitama_Stadium_2002,"https://en.wikipedia.org/wiki/Saitama,_Saitama",Saitama Stadium 2002,Saitama Stadium 2002,https://en.wikipedia.org/wiki/Saitama_Stadium_2002,http://www.wikidata.org/entity/Q482446,Saitama Stadium 2002,Point(139.717492 35.903142),63700,2001,NA,2020 Summer Olympics; Urawa Red Diamonds
125,S-125,Sapporo Dome,Sapporo,Japan,42000,https://en.wikipedia.org/wiki/Sapporo_Dome,https://en.wikipedia.org/wiki/Sapporo,Sapporo Dome,Sapporo Dome,https://en.wikipedia.org/wiki/Sapporo_Dome,http://www.wikidata.org/entity/Q494860,Sapporo Dome,Point(141.409767 43.015172),40178,2001,NA,2020 Summer Olympics; Hokkaido Consadole Sapporo; Hokkaido Nippon-Ham Fighters
126,S-126,Shizuoka Stadium ECOPA,Shizuoka,Japan,51000,https://en.wikipedia.org/wiki/Shizuoka_Stadium,"https://en.wikipedia.org/wiki/Fukuroi,_Shizuoka",Shizuoka Stadium,Shizuoka Stadium,https://en.wikipedia.org/wiki/Shizuoka_Stadium,http://www.wikidata.org/entity/Q482591,Shizuoka Stadium,Point(137.970503 34.743222),51349,2001,NA,Júbilo Iwata
127,S-127,International Stadium Yokohama,Yokohama,Japan,72000,https://en.wikipedia.org/wiki/International_Stadium_Yokohama,https://en.wikipedia.org/wiki/Yokohama,International Stadium Yokohama,Nissan Stadium (Yokohama),https://en.wikipedia.org/wiki/Nissan_Stadium_(Yokohama),http://www.wikidata.org/entity/Q116601,International Stadium Yokohama,Point(139.606247 35.510044),72327,1998,NA,2020 Summer Olympics; Yokohama F. Marinos
128,S-128,Estadio Jalisco,Guadalajara,Mexico,71000,https://en.wikipedia.org/wiki/Estadio_Jalisco,https://en.wikipedia.org/wiki/Guadalajara,Estadio Jalisco,Estadio Jalisco,https://en.wikipedia.org/wiki/Estadio_Jalisco,http://www.wikidata.org/entity/Q1346716,Jalisco Stadium,Point(-103.328139 20.705),63200,1960,NA,Atlas F.C.
129,S-129,Estadio Tres de Marzo,Guadalajara,Mexico,30000,https://en.wikipedia.org/wiki/Estadio_Tres_de_Marzo,https://en.wikipedia.org/wiki/Guadalajara,Estadio Tres de Marzo,Coliseo GNP Seguros,https://en.wikipedia.org/wiki/Coliseo_GNP_Seguros,http://www.wikidata.org/entity/Q579997,Estadio Tres de Marzo,Point(-103.416111111 20.693888888),30015,1971,NA,Tecos F.C.
130,S-130,Estadio Sergio León Chavez,Irapuato,Mexico,31000,https://en.wikipedia.org/wiki/Estadio_Sergio_León_Chávez,https://en.wikipedia.org/wiki/Irapuato,Estadio Sergio León Chávez,Estadio Sergio León Chávez,https://en.wikipedia.org/wiki/Estadio_Sergio_Le%C3%B3n_Ch%C3%A1vez,http://www.wikidata.org/entity/Q1369635,Estadio Sergio León Chávez,Point(-101.3563 20.6845),32784,1969,NA,Atlético Irapuato
131,S-131,Estadio Nou Camp,León,Mexico,31000,https://en.wikipedia.org/wiki/Estadio_Nou_Camp,"https://en.wikipedia.org/wiki/León,_Guanajuato",Estadio Nou Camp,Estadio León,https://en.wikipedia.org/wiki/Estadio_Le%C3%B3n,http://www.wikidata.org/entity/Q1369510,León Stadium,Point(-101.657744 21.115544),27432,1967,NA,Club León
132,S-132,Estadio Azteca,Mexico City,Mexico,115000,https://en.wikipedia.org/wiki/Estadio_Azteca,https://en.wikipedia.org/wiki/Mexico_City,Estadio Azteca,Estadio Azteca,https://en.wikipedia.org/wiki/Estadio_Azteca,http://www.wikidata.org/entity/Q320454,Estadio Azteca,Point(-99.150555555 19.303055555),115000,1966,NA,Mexico men's national football team; Club América; Cruz Azul
133,S-133,Estadio Olímpico Universitario,Mexico City,Mexico,72000,https://en.wikipedia.org/wiki/Estadio_Ol%C3%ADmpico_Universitario,https://en.wikipedia.org/wiki/Mexico_City,Estadio Olímpico Universitario,Estadio Olímpico Universitario,https://en.wikipedia.org/wiki/Estadio_Ol%C3%ADmpico_Universitario,http://www.wikidata.org/entity/Q767558,Universitary Olympic Stadium,Point(-99.192106 19.331928),83954,1952,NA,Pumas UNAM
134,S-134,Estadio Tecnológico,Monterrey,Mexico,34000,https://en.wikipedia.org/wiki/Estadio_Tecnológico,https://en.wikipedia.org/wiki/Monterrey,Estadio Tecnológico,Estadio Tecnológico,https://en.wikipedia.org/wiki/Estadio_Tecnol%C3%B3gico,http://www.wikidata.org/entity/Q1369652,Tecnológico Stadium,Point(-100.286417 25.65225),36485,1950,2017,Borregos Salvajes – ITESM Campus Monterrey
135,S-135,Estadio Universitario,Monterrey,Mexico,44000,https://en.wikipedia.org/wiki/Estadio_Universitario_(UANL),https://en.wikipedia.org/wiki/Monterrey,Estadio Universitario (UANL),Estadio Universitario (UANL),https://en.wikipedia.org/wiki/Estadio_Universitario_(UANL),http://www.wikidata.org/entity/Q771800,Estadio Universitario,Point(-100.312055555 25.722805555),45257,1967,NA,Tigres UANL
136,S-136,Estadio Neza 86,Nezahualcóyotl,Mexico,35000,https://en.wikipedia.org/wiki/Estadio_Neza_86,https://en.wikipedia.org/wiki/Ciudad_Nezahualcóyotl,Estadio Neza 86,Estadio Neza 86,https://en.wikipedia.org/wiki/Estadio_Neza_86,http://www.wikidata.org/entity/Q713665,Estadio Neza 86,Point(-98.986944444 19.405833333),20000,1981,NA,Deportivo Neza
137,S-137,Estadio Cuauhtémoc,Puebla,Mexico,46000,https://en.wikipedia.org/wiki/Estadio_Cuauhtémoc,https://en.wikipedia.org/wiki/Puebla_City,Estadio Cuauhtémoc,Estadio Cuauhtémoc,https://en.wikipedia.org/wiki/Estadio_Cuauht%C3%A9moc,http://www.wikidata.org/entity/Q124769,Estadio Cuauhtémoc,Point(-98.164444 19.078056),47417,1968,NA,Puebla F.C.; Cruz Azul; Club Puebla
138,S-138,Estadio La Corregidora,Querétaro,Mexico,39000,https://en.wikipedia.org/wiki/Estadio_La_Corregidora,https://en.wikipedia.org/wiki/Santiago_de_Querétaro,Estadio La Corregidora,Estadio Corregidora,https://en.wikipedia.org/wiki/Estadio_Corregidora,http://www.wikidata.org/entity/Q713216,Corregidora Stadium,Point(-100.366388888 20.577777777),35575,1985,NA,Querétaro F.C.
139,S-139,La Bombonera,Toluca,Mexico,33000,https://en.wikipedia.org/wiki/Estadio_Nemesio_D%C3%ADez,https://en.wikipedia.org/wiki/Toluca,Estadio Nemesio Díez,Nemesio Diez Stadium,https://en.wikipedia.org/wiki/Nemesio_Diez_Stadium,http://www.wikidata.org/entity/Q604859,Nemesio Diez Stadium,Point(-99.666794 19.287286),21091,1954,NA,Toluca FC
140,S-140,Al Bayt Stadium,Al Khor,Qatar,69000,https://en.wikipedia.org/wiki/Al_Bayt_Stadium,https://en.wikipedia.org/wiki/Al_Khor_(city),Al Bayt Stadium,Al Bayt Stadium,https://en.wikipedia.org/wiki/Al_Bayt_Stadium,http://www.wikidata.org/entity/Q1050220,Al Bayt Stadium,Point(51.48777771 25.65222168),68895,2021,NA,Qatar men's national football team
141,S-141,Ahmad bin Ali Stadium,Al Rayyan,Qatar,45000,https://en.wikipedia.org/wiki/Ahmad_bin_Ali_Stadium,https://en.wikipedia.org/wiki/Al_Rayyan_(city),Ahmad bin Ali Stadium,Ahmad bin Ali Stadium,https://en.wikipedia.org/wiki/Ahmad_bin_Ali_Stadium,http://www.wikidata.org/entity/Q401643,Ahmad bin Ali Stadium,Point(51.341279 25.330538),44740,2003,NA,Al-Rayyan
142,S-142,Education City Stadium,Al Rayyan,Qatar,45000,https://en.wikipedia.org/wiki/Education_City_Stadium,https://en.wikipedia.org/wiki/Al_Rayyan_(city),Education City Stadium,Education City Stadium,https://en.wikipedia.org/wiki/Education_City_Stadium,http://www.wikidata.org/entity/Q1048774,Education City Stadium,Point(51.424274 25.310595),90000,2020,NA,
143,S-143,Khalifa International Stadium,Al Rayyan,Qatar,46000,https://en.wikipedia.org/wiki/Khalifa_International_Stadium,https://en.wikipedia.org/wiki/Al_Rayyan_(city),Khalifa International Stadium,Khalifa International Stadium,https://en.wikipedia.org/wiki/Khalifa_International_Stadium,http://www.wikidata.org/entity/Q772988,Khalifa International Stadium,Point(51.448055555 25.263611111),50500,1976,NA,Qatar men's national football team
144,S-144,Al Janoub Stadium,Al Wakrah,Qatar,44000,https://en.wikipedia.org/wiki/Al_Janoub_Stadium,https://en.wikipedia.org/wiki/Al_Wakrah,Al Janoub Stadium,Al Janoub Stadium,https://en.wikipedia.org/wiki/Al_Janoub_Stadium,http://www.wikidata.org/entity/Q285531,Al Janoub Stadium,Point(51.574083333 25.159777777),40000,2019,NA,Al-Wakrah Sports Club
145,S-145,Al Thumama Stadium,Doha,Qatar,44000,https://en.wikipedia.org/wiki/Al_Thumama_Stadium,https://en.wikipedia.org/wiki/Doha,Al Thumama Stadium,Al Thumama Stadium,https://en.wikipedia.org/wiki/Al_Thumama_Stadium,http://www.wikidata.org/entity/Q39049425,Al Thumama Stadium,Point(51.532113 25.235052),40000,NA,NA,
146,S-146,Stadium 974,Doha,Qatar,44000,https://en.wikipedia.org/wiki/Stadium_974,https://en.wikipedia.org/wiki/Doha,Stadium 974,Stadium 974,https://en.wikipedia.org/wiki/Stadium_974,http://www.wikidata.org/entity/Q1134439,Stadium 974,Point(51.566465 25.288695),45000,2021,NA,
147,S-147,Lusail Stadium,Lusail,Qatar,89000,https://en.wikipedia.org/wiki/Lusail_Stadium,https://en.wikipedia.org/wiki/Lusail,Lusail Stadium,Lusail Stadium,https://en.wikipedia.org/wiki/Lusail_Stadium,http://www.wikidata.org/entity/Q1186333,Lusail Stadium,Point(51.490388888 25.420861111),88966,2022,NA,Qatar men's national football team
148,S-148,Kaliningrad Stadium,Kaliningrad,Russia,34000,https://en.wikipedia.org/wiki/Kaliningrad_Stadium,https://en.wikipedia.org/wiki/Kaliningrad,Kaliningrad Stadium,Kaliningrad Stadium,https://en.wikipedia.org/wiki/Kaliningrad_Stadium,http://www.wikidata.org/entity/Q4439098,Rostec Arena,Point(20.533888888 54.698055555),45015,2018,NA,FC Baltika Kaliningrad
149,S-149,Kazan Arena,Kazan,Russia,43000,https://en.wikipedia.org/wiki/Kazan_Arena,https://en.wikipedia.org/wiki/Kazan_Arena,Kazan Arena,Ak Bars Arena,https://en.wikipedia.org/wiki/Ak_Bars_Arena,http://www.wikidata.org/entity/Q33993,Ak Bars Arena,Point(49.161 55.821),45105,2013,NA,Rubin Kazan
150,S-150,Luzhniki Stadium,Moscow,Russia,78000,https://en.wikipedia.org/wiki/Luzhniki_Stadium,https://en.wikipedia.org/wiki/Moscow,Luzhniki Stadium,Luzhniki Stadium,https://en.wikipedia.org/wiki/Luzhniki_Stadium,http://www.wikidata.org/entity/Q202163,Luzhniki Stadium,Point(37.553611111 55.715833333),78360,1956,NA,Soviet Union national association football team; Russia men's national football team
151,S-151,Otkritie Arena,Moscow,Russia,44000,https://en.wikipedia.org/wiki/Otkritie_Arena,https://en.wikipedia.org/wiki/Moscow,Otkritie Arena,Lukoil Arena,https://en.wikipedia.org/wiki/Lukoil_Arena,http://www.wikidata.org/entity/Q1190634,Lukoil Arena,Point(37.4403 55.8178),45360,2014,NA,Spartak Moscow; Russia men's national football team
152,S-152,Nizhny Novgorod Stadium,Nizhny Novgorod,Russia,43000,https://en.wikipedia.org/wiki/Nizhny_Novgorod_Stadium,https://en.wikipedia.org/wiki/Nizhny_Novgorod,Nizhny Novgorod Stadium,Nizhny Novgorod Stadium,https://en.wikipedia.org/wiki/Nizhny_Novgorod_Stadium,http://www.wikidata.org/entity/Q4439075,Nizhny Novgorod Stadium,Point(43.963333333 56.3375),44899,2018,NA,FC Volga Nizhny Novgorod; FC Nizhny Novgorod
153,S-153,Rostov Arena,Rostov-on-Don,Russia,43000,https://en.wikipedia.org/wiki/Rostov_Arena,https://en.wikipedia.org/wiki/Rostov-on-Don,Rostov Arena,Rostov Arena,https://en.wikipedia.org/wiki/Rostov_Arena,http://www.wikidata.org/entity/Q4439101,Rostov Arena,Point(39.7378 47.2094),45000,2017,NA,FC Rostov
154,S-154,Krestovsky Stadium,Saint Petersburg,Russia,64000,https://en.wikipedia.org/wiki/Krestovsky_Stadium,https://en.wikipedia.org/wiki/Saint_Petersburg,Krestovsky Stadium,Krestovsky Stadium,https://en.wikipedia.org/wiki/Krestovsky_Stadium,http://www.wikidata.org/entity/Q722970,Gazprom Arena,Point(30.220533 59.972953),80000,2017,NA,FC Zenit Saint Petersburg
155,S-155,Samara Arena,Samara,Russia,42000,https://en.wikipedia.org/wiki/Samara_Arena,https://en.wikipedia.org/wiki/Samara,Samara Arena,Solidarnost Samara Arena,https://en.wikipedia.org/wiki/Solidarnost_Samara_Arena,http://www.wikidata.org/entity/Q4439099,Samara Arena,Point(50.23769 53.277534),44918,2018,NA,FC Krylia Sovetov Samara; FC Akron Tolyatti
156,S-156,Mordovia Arena,Saransk,Russia,42000,https://en.wikipedia.org/wiki/Mordovia_Arena,https://en.wikipedia.org/wiki/Saransk,Mordovia Arena,Mordovia Arena,https://en.wikipedia.org/wiki/Mordovia_Arena,http://www.wikidata.org/entity/Q4533552,Mordovia Arena,Point(45.2014 54.1828),45015,2018,NA,FC Mordovia Saransk
157,S-157,Fisht Olympic Stadium,Sochi,Russia,44000,https://en.wikipedia.org/wiki/Fisht_Olympic_Stadium,https://en.wikipedia.org/wiki/Sochi,Fisht Olympic Stadium,Fisht Olympic Stadium,https://en.wikipedia.org/wiki/Fisht_Olympic_Stadium,http://www.wikidata.org/entity/Q1149601,Fisht Olympic Stadium,Point(39.955858093 43.401769445),25000,2014,NA,
158,S-158,Volgograd Arena,Volgograd,Russia,44000,https://en.wikipedia.org/wiki/Volgograd_Arena,https://en.wikipedia.org/wiki/Volgograd,Volgograd Arena,Volgograd Arena,https://en.wikipedia.org/wiki/Volgograd_Arena,http://www.wikidata.org/entity/Q4366184,Volgograd Arena,Point(44.5481 48.7346),45568,2018,NA,FC Rotor Volgograd
159,S-159,Central Stadium,Yekaterinburg,Russia,33000,https://en.wikipedia.org/wiki/Central_Stadium_(Yekaterinburg),https://en.wikipedia.org/wiki/Yekaterinburg,Central Stadium (Yekaterinburg),Central Stadium (Yekaterinburg),https://en.wikipedia.org/wiki/Central_Stadium_(Yekaterinburg),http://www.wikidata.org/entity/Q190779,Central Stadium Yekaterinburg,Point(60.57358 56.83244),42500,1957,NA,FC Ural Yekaterinburg
160,S-160,Free State Stadium,Bloemfontein,South Africa,41000,https://en.wikipedia.org/wiki/Free_State_Stadium,https://en.wikipedia.org/wiki/Bloemfontein,Free State Stadium,Free State Stadium,https://en.wikipedia.org/wiki/Free_State_Stadium,http://www.wikidata.org/entity/Q181439,Free State Stadium,Point(26.208888888 -29.117222222),45158,1955,NA,Cheetahs
161,S-161,Cape Town Stadium,Cape Town,South Africa,64000,https://en.wikipedia.org/wiki/Cape_Town_Stadium,https://en.wikipedia.org/wiki/Cape_Town,Cape Town Stadium,Cape Town Stadium,https://en.wikipedia.org/wiki/Cape_Town_Stadium,http://www.wikidata.org/entity/Q173559,Cape Town Stadium,Point(18.411152777 -33.903461111),58309,2009,NA,Stormers; Cape Town City F.C.
162,S-162,Moses Mabhida Stadium,Durban,South Africa,63000,https://en.wikipedia.org/wiki/Moses_Mabhida_Stadium,https://en.wikipedia.org/wiki/Durban,Moses Mabhida Stadium,Moses Mabhida Stadium,https://en.wikipedia.org/wiki/Moses_Mabhida_Stadium,http://www.wikidata.org/entity/Q175289,Moses Mabhida Stadium,Point(31.0303 -29.829),62760,2009,NA,AmaZulu F.C.
163,S-163,Ellis Park Stadium,Johannesburg,South Africa,56000,https://en.wikipedia.org/wiki/Ellis_Park_Stadium,https://en.wikipedia.org/wiki/Johannesburg,Ellis Park Stadium,Ellis Park Stadium,https://en.wikipedia.org/wiki/Ellis_Park_Stadium,http://www.wikidata.org/entity/Q182081,Ellis Park Stadium,Point(28.060833333 -26.1975),62567,1928,NA,Lions
164,S-164,Soccer City,Johannesburg,South Africa,84000,https://en.wikipedia.org/wiki/FNB_Stadium,https://en.wikipedia.org/wiki/Johannesburg,FNB Stadium,FNB Stadium,https://en.wikipedia.org/wiki/FNB_Stadium,http://www.wikidata.org/entity/Q163521,FNB Stadium,Point(27.982378 -26.234806),94736,1989,NA,South Africa men's national association football team; Kaizer Chiefs F.C.
165,S-165,Mbombela Stadium,Nelspruit,South Africa,41000,https://en.wikipedia.org/wiki/Mbombela_Stadium,https://en.wikipedia.org/wiki/Nelspruit,Mbombela Stadium,Mbombela Stadium,https://en.wikipedia.org/wiki/Mbombela_Stadium,http://www.wikidata.org/entity/Q187087,Mbombela Stadium,Point(30.929777777 -25.461888888),43500,2009,NA,
166,S-166,Peter Mokaba Stadium,Polokwane,South Africa,42000,https://en.wikipedia.org/wiki/Peter_Mokaba_Stadium,https://en.wikipedia.org/wiki/Polokwane,Peter Mokaba Stadium,Peter Mokaba Stadium,https://en.wikipedia.org/wiki/Peter_Mokaba_Stadium,http://www.wikidata.org/entity/Q187042,Peter Mokaba Stadium,Point(29.468765 -23.924689),41733,2010,NA,Limpopo; Black Leopards F.C.; Baroka F.C.
167,S-167,Nelson Mandela Bay Stadium,Port Elizabeth,South Africa,42000,https://en.wikipedia.org/wiki/Nelson_Mandela_Bay_Stadium,https://en.wikipedia.org/wiki/Port_Elizabeth,Nelson Mandela Bay Stadium,Nelson Mandela Bay Stadium,https://en.wikipedia.org/wiki/Nelson_Mandela_Bay_Stadium,http://www.wikidata.org/entity/Q181445,Nelson Mandela Bay Stadium,Point(25.598889 -33.937778),42486,2010,NA,Southern Kings
168,S-168,Loftus Versfeld Stadium,Pretoria,South Africa,43000,https://en.wikipedia.org/wiki/Loftus_Versfeld_Stadium,https://en.wikipedia.org/wiki/Pretoria,Loftus Versfeld Stadium,Loftus Versfeld Stadium,https://en.wikipedia.org/wiki/Loftus_Versfeld_Stadium,http://www.wikidata.org/entity/Q181398,Loftus Versfeld Stadium,Point(28.223014 -25.753189),51762,1906,NA,Kaizer Chiefs F.C.; Mamelodi Sundowns F.C.; Blue Bulls; Bulls
169,S-169,Royal Bafokeng Stadium,Rustenburg,South Africa,42000,https://en.wikipedia.org/wiki/Royal_Bafokeng_Stadium,https://en.wikipedia.org/wiki/Rustenburg,Royal Bafokeng Stadium,Royal Bafokeng Stadium,https://en.wikipedia.org/wiki/Royal_Bafokeng_Stadium,http://www.wikidata.org/entity/Q189337,Royal Bafokeng Stadium,Point(27.160833333 -25.578611111),42000,1999,NA,Platinum Stars F.C.
170,S-170,Busan Asiad Stadium,Busan,South Korea,56000,https://en.wikipedia.org/wiki/Busan_Asiad_Stadium,https://en.wikipedia.org/wiki/Busan,Busan Asiad Stadium,Busan Asiad Main Stadium,https://en.wikipedia.org/wiki/Busan_Asiad_Main_Stadium,http://www.wikidata.org/entity/Q482589,Busan Asiad Main Stadium,Point(129.058361 35.190103),53864,2001,NA,Busan IPark FC
171,S-171,Daegu World Cup Stadium,Daegu,South Korea,68000,https://en.wikipedia.org/wiki/Daegu_Stadium,https://en.wikipedia.org/wiki/Daegu,Daegu Stadium,Daegu Stadium,https://en.wikipedia.org/wiki/Daegu_Stadium,http://www.wikidata.org/entity/Q482441,Daegu Stadium,Point(128.690205 35.829739),68014,2001,NA,South Korea men's national football team
172,S-172,Daejeon World Cup Stadium,Daejeon,South Korea,40000,https://en.wikipedia.org/wiki/Daejeon_World_Cup_Stadium,https://en.wikipedia.org/wiki/Daejeon,Daejeon World Cup Stadium,Daejeon World Cup Stadium,https://en.wikipedia.org/wiki/Daejeon_World_Cup_Stadium,http://www.wikidata.org/entity/Q482598,Daejeon World Cup Stadium,Point(127.325056 36.365229),42176,2001,NA,Daejeon Hana Citizen FC
173,S-173,Gwangju World Cup Stadium,Gwangju,South Korea,43000,https://en.wikipedia.org/wiki/Gwangju_World_Cup_Stadium,https://en.wikipedia.org/wiki/Gwangju,Gwangju World Cup Stadium,Gwangju World Cup Stadium,https://en.wikipedia.org/wiki/Gwangju_World_Cup_Stadium,http://www.wikidata.org/entity/Q494758,Gwangju World Cup Stadium,Point(126.874914 35.133727),42880,2001,NA,Gwangju FC; Gwangju Sangmu FC
174,S-174,Incheon Munhak Stadium,Incheon,South Korea,52000,https://en.wikipedia.org/wiki/Incheon_Munhak_Stadium,https://en.wikipedia.org/wiki/Incheon,Incheon Munhak Stadium,Incheon Munhak Stadium,https://en.wikipedia.org/wiki/Incheon_Munhak_Stadium,http://www.wikidata.org/entity/Q138554,Incheon Munhak Sports Complex,Point(126.690699 37.434984),52179,2002,NA,Incheon United FC
175,S-175,Jeonju World Cup Stadium,Jeonju,South Korea,42000,https://en.wikipedia.org/wiki/Jeonju_World_Cup_Stadium,https://en.wikipedia.org/wiki/Jeonju,Jeonju World Cup Stadium,Jeonju World Cup Stadium,https://en.wikipedia.org/wiki/Jeonju_World_Cup_Stadium,http://www.wikidata.org/entity/Q562072,Jeonju World Cup Stadium,Point(127.06448 35.868071),42477,2001,NA,Jeonbuk Hyundai Motors FC
176,S-176,Jeju World Cup Stadium,Seogwipo,South Korea,42000,https://en.wikipedia.org/wiki/Jeju_World_Cup_Stadium,https://en.wikipedia.org/wiki/Seogwipo,Jeju World Cup Stadium,Jeju World Cup Stadium,https://en.wikipedia.org/wiki/Jeju_World_Cup_Stadium,http://www.wikidata.org/entity/Q482585,Jeju World Cup Stadium,Point(126.509361 33.246212),42256,2001,NA,Jeju SK FC
177,S-177,Seoul World Cup Stadium,Seoul,South Korea,64000,https://en.wikipedia.org/wiki/Seoul_World_Cup_Stadium,https://en.wikipedia.org/wiki/Seoul,Seoul World Cup Stadium,Seoul World Cup Stadium,https://en.wikipedia.org/wiki/Seoul_World_Cup_Stadium,http://www.wikidata.org/entity/Q175477,Seoul World Cup Stadium,Point(126.897243 37.56823),66806,2001,NA,FC Seoul; South Korea men's national football team
178,S-178,Suwon World Cup Stadium,Suwon,South Korea,43000,https://en.wikipedia.org/wiki/Suwon_World_Cup_Stadium,https://en.wikipedia.org/wiki/Suwon,Suwon World Cup Stadium,Suwon World Cup Stadium,https://en.wikipedia.org/wiki/Suwon_World_Cup_Stadium,http://www.wikidata.org/entity/Q494761,Suwon World Cup Stadium,Point(127.036855 37.286421),43959,2001,NA,Suwon Samsung Bluewings FC
179,S-179,Ulsan Munsu Football Stadium,Ulsan,South Korea,44000,https://en.wikipedia.org/wiki/Ulsan_Munsu_Football_Stadium,https://en.wikipedia.org/wiki/Ulsan,Ulsan Munsu Football Stadium,Ulsan Munsu Football Stadium,https://en.wikipedia.org/wiki/Ulsan_Munsu_Football_Stadium,http://www.wikidata.org/entity/Q482601,Ulsan Munsu Football Stadium,Point(129.259444444 35.535277777),44102,2001,NA,Ulsan HD FC
180,S-180,Estadio Riazor,A Coruña,Spain,34000,https://en.wikipedia.org/wiki/Estadio_Riazor,https://en.wikipedia.org/wiki/A_Coruña,Estadio Riazor,Estadio Riazor,https://en.wikipedia.org/wiki/Estadio_Riazor,http://www.wikidata.org/entity/Q22130,Estadio Municipal de Abanca Riazor,Point(-8.417372 43.368667),32490,1944,NA,Deportivo de A Coruña
181,S-181,Estadio José Rico Pérez,Alicante,Spain,33000,https://en.wikipedia.org/wiki/Estadio_José_Rico_Pérez,https://en.wikipedia.org/wiki/Alicante,Estadio José Rico Pérez,Estadio José Rico Pérez,https://en.wikipedia.org/wiki/Estadio_Jos%C3%A9_Rico_P%C3%A9rez,http://www.wikidata.org/entity/Q945070,Estadio José Rico Pérez,Point(-0.4925 38.357222),24704,1974,NA,Hércules CF
182,S-182,Camp Nou,Barcelona,Spain,121000,https://en.wikipedia.org/wiki/Camp_Nou,https://en.wikipedia.org/wiki/Barcelona,Camp Nou,Camp Nou,https://en.wikipedia.org/wiki/Camp_Nou,http://www.wikidata.org/entity/Q159848,Camp Nou,Point(2.122777777 41.380833333),105000,1957,NA,FC Barcelona
183,S-183,Estadi de Sarrià,Barcelona,Spain,40000,https://en.wikipedia.org/wiki/Sarrià_Stadium,https://en.wikipedia.org/wiki/Barcelona,Sarrià Stadium,Sarrià Stadium,https://en.wikipedia.org/wiki/Sarri%C3%A0_Stadium,http://www.wikidata.org/entity/Q1325234,Estadi de Sarrià,Point(2.133333333 41.393055555),43667,NA,1997,RCD Espanyol de Barcelona
184,S-184,Estadio San Mamés,Bilbao,Spain,46000,https://en.wikipedia.org/wiki/San_Mamés_Stadium_(1913),https://en.wikipedia.org/wiki/Bilbao,San Mamés Stadium (1913),San Mamés Stadium (1913),https://en.wikipedia.org/wiki/San_Mam%C3%A9s_Stadium_(1913),http://www.wikidata.org/entity/Q244592,San Mamés Stadium,Point(-2.949369 43.264205),40000,1913,2013,Athletic Club
185,S-185,Nuevo Estadio,Elche,Spain,53000,https://en.wikipedia.org/wiki/Estadio_Manuel_Mart%C3%ADnez_Valero,https://en.wikipedia.org/wiki/Elche,Estadio Manuel Martínez Valero,Estadio Martínez Valero,https://en.wikipedia.org/wiki/Estadio_Mart%C3%ADnez_Valero,http://www.wikidata.org/entity/Q953600,Estadio Manuel Martínez Valero,Point(-0.663333 38.266944),31388,1976,NA,Elche CF
186,S-186,Estadio El Molinón,Gijón,Spain,45000,https://en.wikipedia.org/wiki/El_Molinón,https://en.wikipedia.org/wiki/Gijón,El Molinón,El Molinón,https://en.wikipedia.org/wiki/El_Molin%C3%B3n,http://www.wikidata.org/entity/Q929315,El Molinón-Enrique Castro Quini,Point(-5.637222 43.536111),29371,1908,NA,Sporting de Gijón
187,S-187,Estadio Santiago Bernabéu,Madrid,Spain,90000,https://en.wikipedia.org/wiki/Santiago_Bernabéu_Stadium,https://en.wikipedia.org/wiki/Madrid,Santiago Bernabéu Stadium,Bernabéu (stadium),https://en.wikipedia.org/wiki/Bernab%C3%A9u_(stadium),http://www.wikidata.org/entity/Q164027,Bernabéu,Point(-3.68835 40.45306),83186,1947,NA,Real Madrid Club de Fútbol
188,S-188,Vicente Calderón,Madrid,Spain,66000,https://en.wikipedia.org/wiki/Vicente_Calderón_Stadium,https://en.wikipedia.org/wiki/Madrid,Vicente Calderón Stadium,Vicente Calderón Stadium,https://en.wikipedia.org/wiki/Vicente_Calder%C3%B3n_Stadium,http://www.wikidata.org/entity/Q207626,Vicente Calderón Stadium,Point(-3.720556 40.401667),54960,1966,2019,Atlético Madrid
189,S-189,Estadio La Rosaleda,Málaga,Spain,45000,https://en.wikipedia.org/wiki/Estadio_La_Rosaleda,https://en.wikipedia.org/wiki/Málaga,Estadio La Rosaleda,Estadio La Rosaleda,https://en.wikipedia.org/wiki/Estadio_La_Rosaleda,http://www.wikidata.org/entity/Q695879,La Rosaleda Stadium,Point(-4.426422 36.734092),30044,1941,NA,Málaga CF; Málaga CF Femenino
190,S-190,Estadio Carlos Tartiere,Oviedo,Spain,24000,https://en.wikipedia.org/wiki/Estadio_Carlos_Tartiere_(1932),https://en.wikipedia.org/wiki/Oviedo,Estadio Carlos Tartiere (1932),Estadio Carlos Tartiere (1932),https://en.wikipedia.org/wiki/Estadio_Carlos_Tartiere_(1932),http://www.wikidata.org/entity/Q2628796,Estadio Carlos Tartiere,Point(-5.86082 43.35791),23500,1932,2003,Real Oviedo
191,S-191,Estadio Benito Villamarín,Seville,Spain,50000,https://en.wikipedia.org/wiki/Estadio_Benito_Villamar%C3%ADn,https://en.wikipedia.org/wiki/Seville,Estadio Benito Villamarín,Estadio Benito Villamarín,https://en.wikipedia.org/wiki/Estadio_Benito_Villamar%C3%ADn,http://www.wikidata.org/entity/Q126844,Estadio Benito Villamarín,Point(-5.981611 37.356403),60721,1929,NA,Real Betis Balompié
192,S-192,Estadio Ramón Sánchez Pizjuán,Seville,Spain,68000,https://en.wikipedia.org/wiki/Ramón_Sánchez_Pizjuán_Stadium,https://en.wikipedia.org/wiki/Seville,Ramón Sánchez Pizjuán Stadium,Ramón Sánchez-Pizjuán Stadium,https://en.wikipedia.org/wiki/Ram%C3%B3n_S%C3%A1nchez-Pizju%C3%A1n_Stadium,http://www.wikidata.org/entity/Q275429,Ramón Sánchez Pizjuán Stadium,Point(-5.970467 37.383878),42714,1958,NA,Sevilla FC
193,S-193,Estadio Luis Casanova,Valencia,Spain,50000,https://en.wikipedia.org/wiki/Mestalla_Stadium,https://en.wikipedia.org/wiki/Valencia,Mestalla Stadium,Mestalla Stadium,https://en.wikipedia.org/wiki/Mestalla_Stadium,http://www.wikidata.org/entity/Q202762,Mestalla Stadium,Point(-0.358333 39.474722),49430,1923,NA,Valencia CF
194,S-194,Estadio José Zorrilla,Valladolid,Spain,30000,https://en.wikipedia.org/wiki/Estadio_José_Zorrilla,https://en.wikipedia.org/wiki/Valladolid,Estadio José Zorrilla,José Zorrilla Stadium,https://en.wikipedia.org/wiki/Jos%C3%A9_Zorrilla_Stadium,http://www.wikidata.org/entity/Q151816,Estadio Nuevo José Zorrilla,Point(-4.761111 41.644444),26512,1982,NA,Real Valladolid
195,S-195,Balaídos,Vigo,Spain,33000,https://en.wikipedia.org/wiki/Bala%C3%ADdos,https://en.wikipedia.org/wiki/Vigo,Balaídos,Balaídos Stadium,https://en.wikipedia.org/wiki/Bala%C3%ADdos_Stadium,http://www.wikidata.org/entity/Q1326578,Abanca Balaídos Stadium,Point(-8.740328 42.211861),22803,1928,NA,RC Celta de Vigo
196,S-196,Estadio La Romareda,Zaragoza,Spain,42000,https://en.wikipedia.org/wiki/La_Romareda,https://en.wikipedia.org/wiki/Zaragoza,La Romareda,La Romareda,https://en.wikipedia.org/wiki/La_Romareda,http://www.wikidata.org/entity/Q17484,La Romareda,Point(-0.901822 41.636592),33608,1957,2025,Real Zaragoza; Aragon national football team
197,S-197,Ryavallen,Borås,Sweden,15000,https://en.wikipedia.org/wiki/Ryavallen,https://en.wikipedia.org/wiki/Borås,Ryavallen,Ryavallen,https://en.wikipedia.org/wiki/Ryavallen,http://www.wikidata.org/entity/Q2093297,Ryavallen,Point(12.934921 57.735724),19400,1941,NA,IF Elfsborg
198,S-198,Tunavallen,Eskilstuna,Sweden,22000,https://en.wikipedia.org/wiki/Tunavallen,https://en.wikipedia.org/wiki/Eskilstuna,Tunavallen,Tunavallen,https://en.wikipedia.org/wiki/Tunavallen,http://www.wikidata.org/entity/Q1593861,Tunavallen,Point(16.495 59.370667),7800,1924,NA,Eskilstuna City FK; IFK Eskilstuna; Eskilstuna IK; Eskilstuna United DFF
199,S-199,Strömvallen,Gävle,Sweden,7000,https://en.wikipedia.org/wiki/Strömvallen,https://en.wikipedia.org/wiki/Gävle,Strömvallen,Strömvallen,https://en.wikipedia.org/wiki/Str%C3%B6mvallen,http://www.wikidata.org/entity/Q2301634,Strömvallen,Point(17.1275 60.673055555),6703,1903,NA,Gefle IF
200,S-200,Ullevi,Gothenburg,Sweden,54000,https://en.wikipedia.org/wiki/Ullevi,https://en.wikipedia.org/wiki/Gothenburg,Ullevi,Ullevi,https://en.wikipedia.org/wiki/Ullevi,http://www.wikidata.org/entity/Q824352,Ullevi,Point(11.987222222 57.705833333),43000,1958,NA,IFK Göteborg; 1975 World Sprint Speed Skating Championships
201,S-201,Örjans Vall,Halmstad,Sweden,15000,https://en.wikipedia.org/wiki/Örjans_Vall,https://en.wikipedia.org/wiki/Halmstad,Örjans Vall,Örjans Vall,https://en.wikipedia.org/wiki/%C3%96rjans_Vall,http://www.wikidata.org/entity/Q297924,Örjans Vall,Point(12.866388888 56.684166666),15500,1922,NA,Halmstads BK; IS Halmia
202,S-202,Olympia,Helsingborg,Sweden,27000,https://en.wikipedia.org/wiki/Olympia_(Helsingborg),https://en.wikipedia.org/wiki/Helsingborg,Olympia (Helsingborg),Olympia (Helsingborg),https://en.wikipedia.org/wiki/Olympia_(Helsingborg),http://www.wikidata.org/entity/Q638087,Olympia,Point(12.706944444 56.049444444),16000,1898,NA,Helsingborgs IF
203,S-203,Tingvalla IP,Karlstad,Sweden,5000,https://en.wikipedia.org/wiki/Tingvalla_IP,https://en.wikipedia.org/wiki/Karlstad,Tingvalla IP,Tingvalla IP,https://en.wikipedia.org/wiki/Tingvalla_IP,http://www.wikidata.org/entity/Q3544001,Tingvalla IP,Point(13.4935 59.386694),10000,1919,NA,Carlstad United BK
204,S-204,Malmö Stadion,Malmö,Sweden,30000,https://en.wikipedia.org/wiki/Malmö_Stadion,https://en.wikipedia.org/wiki/Malmö,Malmö Stadion,Malmö Stadion,https://en.wikipedia.org/wiki/Malm%C3%B6_Stadion,http://www.wikidata.org/entity/Q175960,Malmö stadion,Point(12.989166666 55.586111111),26500,1958,NA,Malmö FF
205,S-205,Idrottsparken,Norrköping,Sweden,20000,https://en.wikipedia.org/wiki/Nya_Parken,https://en.wikipedia.org/wiki/Norrköping,Nya Parken,Idrottsparken (Norrköping),https://en.wikipedia.org/wiki/Idrottsparken_(Norrk%C3%B6ping),http://www.wikidata.org/entity/Q571624,Idrottsparken,Point(16.173055555 58.584166666),17234,1904,NA,IK Sleipner; IFK Norrköping DFK; IFK Norrköping FK
206,S-206,Eyravallen,Örebro,Sweden,13000,https://en.wikipedia.org/wiki/Behrn_Arena,https://en.wikipedia.org/wiki/Örebro,Behrn Arena,Eyravallen,https://en.wikipedia.org/wiki/Eyravallen,http://www.wikidata.org/entity/Q814577,Behrn Arena,Point(15.22305556 59.26611111),12674,1923,NA,Örebro SK
207,S-207,Jernvallen,Sandviken,Sweden,20000,https://en.wikipedia.org/wiki/Jernvallen,https://en.wikipedia.org/wiki/Sandviken,Jernvallen,Jernvallen,https://en.wikipedia.org/wiki/Jernvallen,http://www.wikidata.org/entity/Q1631393,Jernvallen,Point(16.773055555 60.608888888),7000,1938,NA,Sandvikens AIK; Sandvikens IF
208,S-208,Råsunda Stadium,Solna,Sweden,52000,https://en.wikipedia.org/wiki/Råsunda_Stadium,https://en.wikipedia.org/wiki/Solna_Municipality,Råsunda Stadium,Råsunda Stadium,https://en.wikipedia.org/wiki/R%C3%A5sunda_Stadium,http://www.wikidata.org/entity/Q725623,Råsunda Stadium,Point(17.996388888 59.362777777),36608,1937,2013,Sweden men's national football team; AIK Fotboll
209,S-209,Rimnersvallen,Uddevalla,Sweden,18000,https://en.wikipedia.org/wiki/Rimnersvallen,https://en.wikipedia.org/wiki/Uddevalla,Rimnersvallen,Rimnersvallen,https://en.wikipedia.org/wiki/Rimnersvallen,http://www.wikidata.org/entity/Q1851916,Rimnersvallen,Point(11.95 58.35666667),12000,1923,NA,IK Oddevold; Uddevalla IS; IK Rössö Uddevalla
210,S-210,Arosvallen,Västerås,Sweden,10000,https://en.wikipedia.org/wiki/Arosvallen,https://en.wikipedia.org/wiki/Västerås,Arosvallen,Arosvallen,https://en.wikipedia.org/wiki/Arosvallen,http://www.wikidata.org/entity/Q698429,Arosvallen,Point(16.54104444 59.62044722),10000,1932,NA,Västerås SK Fotboll
211,S-211,St. Jakob Stadium,Basel,Switzerland,55000,https://en.wikipedia.org/wiki/St._Jakob_Stadium,https://en.wikipedia.org/wiki/Basel,St. Jakob Stadium,St. Jakob Stadium,https://en.wikipedia.org/wiki/St._Jakob_Stadium,http://www.wikidata.org/entity/Q938693,St. Jakob Stadium,Point(7.62 47.541389),51500,1954,1998,FC Concordia Basel
212,S-212,Wankdorf Stadium,Bern,Switzerland,65000,https://en.wikipedia.org/wiki/Wankdorf_Stadium,https://en.wikipedia.org/wiki/Bern,Wankdorf Stadium,Wankdorf Stadium,https://en.wikipedia.org/wiki/Wankdorf_Stadium,http://www.wikidata.org/entity/Q676004,Wankdorf Stadium,Point(7.465 46.962778),64000,1925,2001,BSC Young Boys
213,S-213,Charmilles Stadium,Geneva,Switzerland,36000,https://en.wikipedia.org/wiki/Charmilles_Stadium,https://en.wikipedia.org/wiki/Geneva,Charmilles Stadium,Charmilles Stadium,https://en.wikipedia.org/wiki/Charmilles_Stadium,http://www.wikidata.org/entity/Q259827,Charmilles Stadium,Point(6.1182 46.2091),30084,NA,2011,Servette FC
214,S-214,Stade Olympique de la Pontaise,Lausanne,Switzerland,50000,https://en.wikipedia.org/wiki/Stade_Olympique_de_la_Pontaise,https://en.wikipedia.org/wiki/Lausanne,Stade Olympique de la Pontaise,Stade Olympique de la Pontaise,https://en.wikipedia.org/wiki/Stade_Olympique_de_la_Pontaise,http://www.wikidata.org/entity/Q668606,Stade Olympique de la Pontaise,Point(6.625 46.534),50000,1904,NA,FC Lausanne-Sport
215,S-215,Cornaredo Stadium,Lugano,Switzerland,36000,https://en.wikipedia.org/wiki/Cornaredo_Stadium,https://en.wikipedia.org/wiki/Lugano,Cornaredo Stadium,Cornaredo Stadium,https://en.wikipedia.org/wiki/Cornaredo_Stadium,http://www.wikidata.org/entity/Q671287,Cornaredo Stadium,Point(8.961667 46.023611),15000,1951,NA,FC Lugano
216,S-216,Hardturm Stadium,Zürich,Switzerland,35000,https://en.wikipedia.org/wiki/Hardturm,https://en.wikipedia.org/wiki/Zürich,Hardturm,Hardturm,https://en.wikipedia.org/wiki/Hardturm,http://www.wikidata.org/entity/Q688780,Hardturm,Point(8.504722 47.393056),17666,1929,2008,Grasshopper Club Zürich
217,S-217,Foxboro Stadium,Boston,United States,59000,https://en.wikipedia.org/wiki/Foxboro_Stadium,https://en.wikipedia.org/wiki/Boston,Foxboro Stadium,Foxboro Stadium,https://en.wikipedia.org/wiki/Foxboro_Stadium,http://www.wikidata.org/entity/Q339850,Foxboro Stadium,Point(-71.267441666 42.0927),60292,1971,2002,New England Patriots
218,S-218,Home Depot Center,Carson,United States,28000,https://en.wikipedia.org/wiki/Dignity_Health_Sports_Park,"https://en.wikipedia.org/wiki/Carson,_California",Dignity Health Sports Park,Dignity Health Sports Park,https://en.wikipedia.org/wiki/Dignity_Health_Sports_Park,http://www.wikidata.org/entity/Q200684,Dignity Health Sports Park,Point(-118.261111111 33.864444444),30510,2003,NA,LA Galaxy; Los Angeles Chargers; Chivas USA; San Diego State Aztecs football; Los Angeles Wildcats
219,S-219,Soldier Field,Chicago,United States,65000,https://en.wikipedia.org/wiki/Soldier_Field,https://en.wikipedia.org/wiki/Chicago,Soldier Field,Soldier Field,https://en.wikipedia.org/wiki/Soldier_Field,http://www.wikidata.org/entity/Q1132413,Soldier Field,Point(-87.616666666 41.8625),63500,1924,NA,Chicago Bears; Arizona Cardinals; Chicago Fire FC; Chicago Rockets; Chicago Winds
220,S-220,Columbus Crew Stadium,Columbus,United States,23000,https://en.wikipedia.org/wiki/Mapfre_Stadium,"https://en.wikipedia.org/wiki/Columbus,_Ohio",Mapfre Stadium,Historic Crew Stadium,https://en.wikipedia.org/wiki/Historic_Crew_Stadium,http://www.wikidata.org/entity/Q1112858,Historic Crew Stadium,Point(-82.991111111 40.009444444),22555,1999,NA,Columbus Crew; Columbus Crew 2
221,S-221,Cotton Bowl,Dallas,United States,64000,https://en.wikipedia.org/wiki/Cotton_Bowl_(stadium),https://en.wikipedia.org/wiki/Dallas,Cotton Bowl (stadium),Cotton Bowl (stadium),https://en.wikipedia.org/wiki/Cotton_Bowl_(stadium),http://www.wikidata.org/entity/Q1136764,Cotton Bowl,Point(-96.759722222 32.779722222),92100,1930,NA,Kansas City Chiefs; State Fair Classic; Dallas Trinity FC
222,S-222,Giants Stadium,East Rutherford,United States,76000,https://en.wikipedia.org/wiki/Giants_Stadium,"https://en.wikipedia.org/wiki/East_Rutherford,_New_Jersey",Giants Stadium,Giants Stadium,https://en.wikipedia.org/wiki/Giants_Stadium,http://www.wikidata.org/entity/Q375365,Giants Stadium,Point(-74.074433 40.813726),80242,1976,2010,New York Giants; New York Red Bulls; New York Jets; New York Cosmos; New York/New Jersey Knights; New York/New Jersey Hitmen
223,S-223,Foxboro Stadium,Foxborough,United States,54000,https://en.wikipedia.org/wiki/Foxboro_Stadium,https://en.wikipedia.org/wiki/Foxboro_Stadium,Foxboro Stadium,Foxboro Stadium,https://en.wikipedia.org/wiki/Foxboro_Stadium,http://www.wikidata.org/entity/Q339850,Foxboro Stadium,Point(-71.267441666 42.0927),60292,1971,2002,New England Patriots
224,S-224,Gillette Stadium,Foxborough,United States,68000,https://en.wikipedia.org/wiki/Gillette_Stadium,"https://en.wikipedia.org/wiki/Foxborough,_Massachusetts",Gillette Stadium,Gillette Stadium,https://en.wikipedia.org/wiki/Gillette_Stadium,http://www.wikidata.org/entity/Q373355,Gillette Stadium,Point(-71.264344444 42.090944444),68756,2002,NA,New England Patriots; New England Revolution II; New England Revolution
225,S-225,Rose Bowl,Los Angeles,United States,96000,https://en.wikipedia.org/wiki/Rose_Bowl_(stadium),https://en.wikipedia.org/wiki/Los_Angeles,Rose Bowl (stadium),Rose Bowl (stadium),https://en.wikipedia.org/wiki/Rose_Bowl_(stadium),http://www.wikidata.org/entity/Q582280,Rose Bowl,Point(-118.1676 34.1614),92542,1922,NA,UCLA Bruins; UCLA Bruins football
226,S-226,Giants Stadium,New York City,United States,78000,https://en.wikipedia.org/wiki/Giants_Stadium,https://en.wikipedia.org/wiki/New_York_City,Giants Stadium,Giants Stadium,https://en.wikipedia.org/wiki/Giants_Stadium,http://www.wikidata.org/entity/Q375365,Giants Stadium,Point(-74.074433 40.813726),80242,1976,2010,New York Giants; New York Red Bulls; New York Jets; New York Cosmos; New York/New Jersey Knights; New York/New Jersey Hitmen
227,S-227,Citrus Bowl,Orlando,United States,62000,https://en.wikipedia.org/wiki/Citrus_Bowl_(stadium),"https://en.wikipedia.org/wiki/Orlando,_Florida",Citrus Bowl (stadium),Camping World Stadium,https://en.wikipedia.org/wiki/Camping_World_Stadium,http://www.wikidata.org/entity/Q199359,Camping World Stadium,Point(-81.402777777 28.539166666),65438,1936,NA,Orlando City SC; Citrus Bowl; UCF Knights football; Orlando Pride; Orlando Guardians
228,S-228,Rose Bowl,Pasadena,United States,94000,https://en.wikipedia.org/wiki/Rose_Bowl_(stadium),"https://en.wikipedia.org/wiki/Pasadena,_California",Rose Bowl (stadium),Rose Bowl (stadium),https://en.wikipedia.org/wiki/Rose_Bowl_(stadium),http://www.wikidata.org/entity/Q582280,Rose Bowl,Point(-118.1676 34.1614),92542,1922,NA,UCLA Bruins; UCLA Bruins football
229,S-229,Lincoln Financial Field,Philadelphia,United States,70000,https://en.wikipedia.org/wiki/Lincoln_Financial_Field,https://en.wikipedia.org/wiki/Philadelphia,Lincoln Financial Field,Lincoln Financial Field,https://en.wikipedia.org/wiki/Lincoln_Financial_Field,http://www.wikidata.org/entity/Q1052370,Lincoln Financial Field,Point(-75.16776 39.90089),68532,2003,NA,Philadelphia Eagles; Temple Owls football
230,S-230,Pontiac Silverdome,Pontiac,United States,78000,https://en.wikipedia.org/wiki/Pontiac_Silverdome,"https://en.wikipedia.org/wiki/Pontiac,_Michigan",Pontiac Silverdome,Pontiac Silverdome,https://en.wikipedia.org/wiki/Pontiac_Silverdome,http://www.wikidata.org/entity/Q211662,Pontiac Silverdome,Point(-83.255 42.645833333),82000,1975,2017,Detroit Lions
231,S-231,Civic Stadium,Portland,United States,27000,"https://en.wikipedia.org/wiki/Civic_Stadium_(Portland,_Oregon)","https://en.wikipedia.org/wiki/Portland,_Oregon","Civic Stadium (Portland, Oregon)",Providence Park,https://en.wikipedia.org/wiki/Providence_Park,http://www.wikidata.org/entity/Q262291,Providence Park,Point(-122.691666666 45.521388888),25218,1926,NA,Portland Timbers; Portland Thorns FC; Portland Breakers; Oregon Ducks football; Portland Beavers; Portland State Vikings football; Portland Timbers 2
232,S-232,PGE Park,Portland,United States,28000,https://en.wikipedia.org/wiki/Providence_Park,"https://en.wikipedia.org/wiki/Portland,_Oregon",Providence Park,Providence Park,https://en.wikipedia.org/wiki/Providence_Park,http://www.wikidata.org/entity/Q262291,Providence Park,Point(-122.691666666 45.521388888),25218,1926,NA,Portland Timbers; Portland Thorns FC; Portland Breakers; Oregon Ducks football; Portland Beavers; Portland State Vikings football; Portland Timbers 2
233,S-233,Stanford Stadium,San Fransisco,United States,85000,https://en.wikipedia.org/wiki/Stanford_Stadium,https://en.wikipedia.org/wiki/San_Francisco,Stanford Stadium,Stanford Stadium,https://en.wikipedia.org/wiki/Stanford_Stadium,http://www.wikidata.org/entity/Q692470,Stanford Stadium,Point(-122.161111111 37.434444444),50424,2006,2005,Stanford Cardinal football
234,S-234,Spartan Stadium,San Jose,United States,26000,https://en.wikipedia.org/wiki/Spartan_Stadium_(San_Jose),"https://en.wikipedia.org/wiki/San_Jose,_California",Spartan Stadium (San Jose),CEFCU Stadium,https://en.wikipedia.org/wiki/CEFCU_Stadium,http://www.wikidata.org/entity/Q2165358,CEFCU Stadium,Point(-121.868333333 37.319722222),30456,1933,NA,San Jose State Spartans; San Jose State Spartans football
235,S-235,Stanford Stadium,Stanford,United States,84000,https://en.wikipedia.org/wiki/Stanford_Stadium,"https://en.wikipedia.org/wiki/Stanford,_California",Stanford Stadium,Stanford Stadium,https://en.wikipedia.org/wiki/Stanford_Stadium,http://www.wikidata.org/entity/Q692470,Stanford Stadium,Point(-122.161111111 37.434444444),50424,2006,2005,Stanford Cardinal football
236,S-236,Jack Kent Cooke Stadium,"Washington, D.C.",United States,80000,https://en.wikipedia.org/wiki/Jack_Kent_Cooke_Stadium,"https://en.wikipedia.org/wiki/Washington,_D.C.",Jack Kent Cooke Stadium,Northwest Stadium,https://en.wikipedia.org/wiki/Northwest_Stadium,http://www.wikidata.org/entity/Q583085,Northwest Stadium,Point(-76.864444444 38.907777777),64000,1997,NA,Washington Commanders
237,S-237,RFK Stadium,"Washington, D.C.",United States,53000,https://en.wikipedia.org/wiki/Robert_F._Kennedy_Memorial_Stadium,"https://en.wikipedia.org/wiki/Washington,_D.C.",Robert F. Kennedy Memorial Stadium,Robert F. Kennedy Memorial Stadium,https://en.wikipedia.org/wiki/Robert_F._Kennedy_Memorial_Stadium,http://www.wikidata.org/entity/Q153312,Robert F. Kennedy Memorial Stadium,Point(-76.971944444 38.89),43500,1961,2024,Washington Commanders; D.C. United; George Washington Colonials football; Washington Senators
238,S-238,Estadio Centenario,Montevideo,Uruguay,90000,https://en.wikipedia.org/wiki/Estadio_Centenario,https://en.wikipedia.org/wiki/Montevideo,Estadio Centenario,Estadio Centenario,https://en.wikipedia.org/wiki/Estadio_Centenario,http://www.wikidata.org/entity/Q498245,Estadio Centenario,Point(-56.152778 -34.894444),60235,1930,NA,Uruguayan Football Association
239,S-239,Estadio Gran Parque Central,Montevideo,Uruguay,20000,https://en.wikipedia.org/wiki/Estadio_Gran_Parque_Central,https://en.wikipedia.org/wiki/Montevideo,Estadio Gran Parque Central,Estadio Gran Parque Central,https://en.wikipedia.org/wiki/Estadio_Gran_Parque_Central,http://www.wikidata.org/entity/Q786149,Estadio Gran Parque Central,Point(-56.159 -34.8845),34000,1947,NA,Club Nacional de Football
240,S-240,Estadio Pocitos,Montevideo,Uruguay,10000,https://en.wikipedia.org/wiki/Estadio_Pocitos,https://en.wikipedia.org/wiki/Montevideo,Estadio Pocitos,Estadio Pocitos,https://en.wikipedia.org/wiki/Estadio_Pocitos,http://www.wikidata.org/entity/Q741103,Pocitos Stadium,Point(-56.1562 -34.905053),1000,1921,1940,Club Atlético Peñarol
